"행정구역별(읍면동)","연령별",2018,2018,2018,2018,2018,2018,2018,2018,2019,2019,2019,2019,2019,2019,2019,2019,2020,2020,2020,2020,2020,2020,2020,2020
"행정구역별(읍면동)","연령별",총인구(명),총인구_남자(명),총인구_여자(명),총인구_성비,내국인(명),내국인_남자(명),내국인_여자(명),내국인_성비,총인구(명),총인구_남자(명),총인구_여자(명),총인구_성비,내국인(명),내국인_남자(명),내국인_여자(명),내국인_성비,총인구(명),총인구_남자(명),총인구_여자(명),총인구_성비,내국인(명),내국인_남자(명),내국인_여자(명),내국인_성비
"서울특별시","합계",9673936,4718972,4954964,95.2,9299511,4536552,4762959,95.2,9639541,4690440,4949101,94.8,9249364,4500878,4748486,94.8,9586195,4647733,4938462,94.1,9219741,4474343,4745398,94.3
"서울특별시","0~4세",328817,168527,160290,105.1,320267,164216,156051,105.2,306901,157770,149131,105.8,296570,152446,144124,105.8,278869,143492,135377,106,269981,138917,131064,106
"서울특별시","5~9세",351631,180429,171202,105.4,346346,177716,168630,105.4,347642,178533,169109,105.6,340831,175038,165793,105.6,343206,176037,167169,105.3,336583,172634,163949,105.3
"서울특별시","10~14세",363181,187466,175715,106.7,359678,185675,174003,106.7,352373,181578,170795,106.3,348371,179550,168821,106.4,353042,181711,171331,106.1,349124,179708,169416,106.1
"서울특별시","15~19세",465785,235494,230291,102.3,455469,231225,224244,103.1,443224,222941,220283,101.2,431953,218491,213462,102.4,408748,206091,202657,101.7,401028,203117,197911,102.6
"서울특별시","20~24세",691954,330203,361751,91.3,645569,312686,332883,93.9,681005,319500,361505,88.4,630814,300486,330328,91,664188,308209,355979,86.6,625922,294271,331651,88.7
"서울특별시","25~29세",799023,395630,403393,98.1,755906,375910,379996,98.9,821238,405143,416095,97.4,777456,385270,392186,98.2,835286,406953,428333,95,795700,390712,404988,96.5
"서울특별시","30~34세",738359,369944,368415,100.4,696267,348197,348070,100,729069,364799,364270,100.1,685989,342943,343046,100,734952,367172,367780,99.8,692702,346673,346029,100.2
"서울특별시","35~39세",804461,407004,397457,102.4,772520,389408,383112,101.6,778838,393596,385242,102.2,745331,375341,369990,101.4,745117,375820,369297,101.8,711638,358471,353167,101.5
"서울특별시","40~44세",720732,360945,359787,100.3,694455,345987,348468,99.3,705535,352718,352817,100,678136,337292,340844,99,709736,353683,356053,99.3,682858,339144,343714,98.7
"서울특별시","45~49세",835977,414897,421080,98.5,801944,396529,405415,97.8,817450,406212,411238,98.8,784288,388140,396148,98,783563,388580,394983,98.4,754043,372828,381215,97.8
"서울특별시","50~54세",757187,370282,386905,95.7,720312,351708,368604,95.4,769856,376654,393202,95.8,733888,358203,375685,95.3,773582,378429,395153,95.8,739434,361142,378292,95.5
"서울특별시","55~59세",786431,378116,408315,92.6,750422,360520,389902,92.5,769236,371525,397711,93.4,731534,352865,378669,93.2,743817,360318,383499,94,706269,341957,364312,93.9
"서울특별시","60~64세",673923,320123,353800,90.5,644797,305781,339016,90.2,697227,330631,366596,90.2,668037,316264,351773,89.9,712641,337235,375406,89.8,681960,322405,359555,89.7
"서울특별시","65~69세",463507,218200,245307,88.9,450779,212039,238740,88.8,481211,226481,254730,88.9,466998,219693,247305,88.8,520889,243941,276948,88.1,504509,236100,268409,88
"서울특별시","70~74세",360011,166087,193924,85.6,356109,164528,191581,85.9,377160,173395,203765,85.1,372271,171356,200915,85.3,391970,179983,211987,84.9,386271,177553,208718,85.1
"서울특별시","75~79세",278840,125514,153326,81.9,276612,124859,151753,82.3,285466,128585,156881,82,283214,127835,155379,82.3,290634,130667,159967,81.7,288272,129924,158348,82
"서울특별시","80~84세",156237,61459,94778,64.8,154865,61090,93775,65.1,169625,68264,101361,67.3,168147,67840,100307,67.6,179109,73254,105855,69.2,177482,72859,104623,69.6
"서울특별시","85세이상",97880,28652,69228,41.4,97194,28478,68716,41.4,106485,32115,74370,43.2,105536,31825,73711,43.2,116846,36158,80688,44.8,115965,35928,80037,44.9
"서울특별시","85~89세",68170,21507,46663,46.1,67670,21385,46285,46.2,73786,23907,49879,47.9,73138,23718,49420,48,81514,27285,54229,50.3,80876,27124,53752,50.5
"서울특별시","90~94세",23407,5654,17753,31.8,23263,5619,17644,31.8,25898,6565,19333,34,25702,6500,19202,33.9,28197,7234,20963,34.5,28028,7189,20839,34.5
"서울특별시","95~99세",5626,1363,4263,32,5594,1351,4243,31.8,6012,1485,4527,32.8,5938,1461,4477,32.6,6251,1468,4783,30.7,6203,1454,4749,30.6
"서울특별시","100세이상",677,128,549,23.3,667,123,544,22.6,789,158,631,25,758,146,612,23.9,884,171,713,24,858,161,697,23.1
"서울특별시","15세미만",1043629,536422,507207,105.8,1026291,527607,498684,105.8,1006916,517881,489035,105.9,985772,507034,478738,105.9,975117,501240,473877,105.8,955688,491259,464429,105.8
"서울특별시","15~64세",7273832,3582638,3691194,97.1,6937661,3417951,3519710,97.1,7212678,3543719,3668959,96.6,6867426,3375295,3492131,96.7,7111630,3482490,3629140,96,6791554,3330720,3460834,96.2
"서울특별시","65세이상",1356475,599912,756563,79.3,1335559,590994,744565,79.4,1419947,628840,791107,79.5,1396166,618549,777617,79.5,1499448,664003,835445,79.5,1472499,652364,820135,79.5
"서울특별시","평균연령",41.9,41.1,42.7,-,42,41.1,42.8,-,42.4,41.6,43.2,-,42.5,41.7,43.3,-,42.9,42.1,43.6,-,42.9,42.1,43.7,-
"서울특별시","중위연령",42.1,41.2,43,-,42.2,41.3,43.2,-,42.5,41.7,43.4,-,42.7,41.8,43.6,-,42.9,42.1,43.8,-,43.1,42.1,43.9,-
"부산광역시","합계",3395278,1668984,1726294,96.7,3339772,1637363,1702409,96.2,3372692,1655566,1717126,96.4,3312190,1621545,1690645,95.9,3349016,1638751,1710265,95.8,3294102,1608877,1685225,95.5
"부산광역시","0~4세",117270,60290,56980,105.8,116669,59985,56684,105.8,108650,55707,52943,105.2,107869,55330,52539,105.3,98637,50511,48126,105,97921,50159,47762,105
"부산광역시","5~9세",130641,67067,63574,105.5,130248,66874,63374,105.5,131200,67395,63805,105.6,130691,67164,63527,105.7,131903,67628,64275,105.2,131420,67408,64012,105.3
"부산광역시","10~14세",127020,65535,61485,106.6,126712,65384,61328,106.6,124504,64129,60375,106.2,124150,63960,60190,106.3,126187,65022,61165,106.3,125846,64857,60989,106.3
"부산광역시","15~19세",170236,88659,81577,108.7,167691,87409,80282,108.9,159525,82794,76731,107.9,157152,81706,75446,108.3,144199,74893,69306,108.1,142835,74287,68548,108.4
"부산광역시","20~24세",234572,123137,111435,110.5,223664,117664,106000,111,226140,118208,107932,109.5,214191,112218,101973,110,218047,112542,105505,106.7,208516,107823,100693,107.1
"부산광역시","25~29세",223464,118685,104779,113.3,213372,112650,100722,111.8,225555,119893,105662,113.5,215018,113759,101259,112.3,226843,119788,107055,111.9,217205,114449,102756,111.4
"부산광역시","30~34세",197580,102511,95069,107.8,188522,96711,91811,105.3,192974,100218,92756,108,183285,94183,89102,105.7,192718,100029,92689,107.9,183399,94489,88910,106.3
"부산광역시","35~39세",253798,130059,123739,105.1,247250,125812,121438,103.6,242964,124675,118289,105.4,235580,120014,115566,103.8,227062,116286,110776,105,219837,111880,107957,103.6
"부산광역시","40~44세",236317,120333,115984,103.7,231875,117597,114278,102.9,232814,118424,114390,103.5,227885,115456,112429,102.7,236830,120485,116345,103.6,232022,117674,114348,102.9
"부산광역시","45~49세",276778,137022,139756,98,273156,134967,138189,97.7,270887,134865,136022,99.1,266775,132490,134285,98.7,260800,129863,130937,99.2,257136,127837,129299,98.9
"부산광역시","50~54세",269069,129854,139215,93.3,266478,128547,137931,93.2,272717,131636,141081,93.3,269829,130086,139743,93.1,273734,132689,141045,94.1,270923,131303,139620,94
"부산광역시","55~59세",308391,146553,161838,90.6,306445,145628,160817,90.6,296549,141227,155322,90.9,294389,140146,154243,90.9,281623,134264,147359,91.1,279631,133324,146307,91.1
"부산광역시","60~64세",276347,131953,144394,91.4,275048,131314,143734,91.4,285494,135149,150345,89.9,284124,134484,149640,89.9,291543,137595,153948,89.4,290043,136907,153136,89.4
"부산광역시","65~69세",198815,93440,105375,88.7,198202,93153,105049,88.7,206460,97621,108839,89.7,205671,97240,108431,89.7,224086,105178,118908,88.5,223235,104785,118450,88.5
"부산광역시","70~74세",146932,67877,79055,85.9,146684,67757,78927,85.8,155901,71878,84023,85.5,155589,71710,83879,85.5,164547,75685,88862,85.2,164204,75527,88677,85.2
"부산광역시","75~79세",119267,51114,68153,75,119119,51060,68059,75,121817,52726,69091,76.3,121646,52651,68995,76.3,122339,53377,68962,77.4,122172,53302,68870,77.4
"부산광역시","80~84세",67136,24403,42733,57.1,67051,24380,42671,57.1,72969,27161,45808,59.3,72872,27123,45749,59.3,77700,29540,48160,61.3,77596,29507,48089,61.4
"부산광역시","85세이상",41645,10492,31153,33.7,41586,10471,31115,33.7,45572,11860,33712,35.2,45474,11825,33649,35.1,50218,13376,36842,36.3,50161,13359,36802,36.3
"부산광역시","85~89세",29656,8195,21461,38.2,29619,8182,21437,38.2,32198,9177,23021,39.9,32145,9159,22986,39.8,35683,10480,25203,41.6,35648,10473,25175,41.6
"부산광역시","90~94세",9707,1898,7809,24.3,9691,1893,7798,24.3,10948,2260,8688,26,10918,2248,8670,25.9,11847,2454,9393,26.1,11834,2448,9386,26.1
"부산광역시","95~99세",2063,375,1688,22.2,2057,372,1685,22.1,2153,382,1771,21.6,2141,378,1763,21.4,2384,404,1980,20.4,2376,401,1975,20.3
"부산광역시","100세이상",219,24,195,12.3,219,24,195,12.3,273,41,232,17.7,270,40,230,17.4,304,38,266,14.3,303,37,266,13.9
"부산광역시","15세미만",374931,192892,182039,106,373629,192243,181386,106,364354,187231,177123,105.7,362710,186454,176256,105.8,356727,183161,173566,105.5,355187,182424,172763,105.6
"부산광역시","15~64세",2446552,1228766,1217786,100.9,2393501,1198299,1195202,100.3,2405619,1207089,1198530,100.7,2348228,1174542,1173686,100.1,2353399,1178434,1174965,100.3,2301547,1149973,1151574,99.9
"부산광역시","65세이상",573795,247326,326469,75.8,572642,246821,325821,75.8,602719,261246,341473,76.5,601252,260549,340703,76.5,638890,277156,361734,76.6,637368,276480,360888,76.6
"부산광역시","평균연령",43.6,42.2,44.9,-,43.8,42.4,45.1,-,44.2,42.8,45.5,-,44.4,43,45.7,-,44.8,43.4,46.1,-,44.9,43.5,46.2,-
"부산광역시","중위연령",45.1,43.4,46.8,-,45.5,43.8,47.1,-,45.8,44,47.5,-,46.2,44.4,47.8,-,46.5,44.6,48.2,-,46.8,45.1,48.5,-
"대구광역시","합계",2444412,1212777,1231635,98.5,2409132,1192938,1216194,98.1,2429940,1203754,1226186,98.2,2389848,1181573,1208275,97.8,2410700,1190271,1220429,97.5,2373302,1170625,1202677,97.3
"대구광역시","0~4세",89739,45833,43906,104.4,89246,45593,43653,104.4,83746,42957,40789,105.3,83044,42613,40431,105.4,75767,38862,36905,105.3,75145,38559,36586,105.4
"대구광역시","5~9세",104033,53549,50484,106.1,103736,53404,50332,106.1,103487,53001,50486,105,103047,52798,50249,105.1,102474,52434,50040,104.8,102090,52263,49827,104.9
"대구광역시","10~14세",107821,56116,51705,108.5,107604,56004,51600,108.5,104830,54519,50311,108.4,104538,54381,50157,108.4,104457,54158,50299,107.7,104210,54030,50180,107.7
"대구광역시","15~19세",138818,73362,65456,112.1,137675,72825,64850,112.3,131202,69196,62006,111.6,129326,68252,61074,111.8,120738,63343,57395,110.4,119179,62603,56576,110.7
"대구광역시","20~24세",171337,92437,78900,117.2,166310,89795,76515,117.4,167561,89812,77749,115.5,161473,86609,74864,115.7,164883,87519,77364,113.1,159127,84584,74543,113.5
"대구광역시","25~29세",160410,87897,72513,121.2,153809,84028,69781,120.4,161994,88259,73735,119.7,155216,84404,70812,119.2,163122,88145,74977,117.6,156979,84853,72126,117.6
"대구광역시","30~34세",140352,74752,65600,114,133980,70900,63080,112.4,138781,74498,64283,115.9,131908,70502,61406,114.8,138022,74266,63756,116.5,131598,70711,60887,116.1
"대구광역시","35~39세",180401,90566,89835,100.8,175863,87793,88070,99.7,172733,87192,85541,101.9,167704,84174,83530,100.8,160788,81511,79277,102.8,155831,78721,77110,102.1
"대구광역시","40~44세",181974,90588,91386,99.1,178952,88808,90144,98.5,175876,87458,88418,98.9,172443,85466,86977,98.3,175075,87078,87997,99,171791,85270,86521,98.6
"대구광역시","45~49세",218536,107037,111499,96,215968,105585,110383,95.7,213400,104788,108612,96.5,210465,103132,107333,96.1,204666,100187,104479,95.9,202067,98782,103285,95.6
"대구광역시","50~54세",211168,103557,107611,96.2,209211,102568,106643,96.2,214280,104751,109529,95.6,212064,103547,108517,95.4,214621,104875,109746,95.6,212551,103853,108698,95.5
"대구광역시","55~59세",215213,105143,110070,95.5,213833,104466,109367,95.5,211437,103324,108113,95.6,209875,102566,107309,95.6,206714,100742,105972,95.1,205215,100043,105172,95.1
"대구광역시","60~64세",166957,81276,85681,94.9,166103,80865,85238,94.9,177148,85958,91190,94.3,176238,85505,90733,94.2,185094,89740,95354,94.1,184181,89330,94851,94.2
"대구광역시","65~69세",122153,57029,65124,87.6,121687,56818,64869,87.6,124986,58624,66362,88.3,124465,58390,66075,88.4,135142,63026,72116,87.4,134624,62800,71824,87.4
"대구광역시","70~74세",86015,38458,47557,80.9,85850,38378,47472,80.8,91533,41253,50280,82,91331,41161,50170,82,97519,44271,53248,83.1,97307,44187,53120,83.2
"대구광역시","75~79세",75948,31409,44539,70.5,75864,31378,44486,70.5,76857,31797,45060,70.6,76747,31752,44995,70.6,75796,31628,44168,71.6,75689,31584,44105,71.6
"대구광역시","80~84세",46011,16550,29461,56.2,45955,16532,29423,56.2,49325,18005,31320,57.5,49263,17989,31274,57.5,51639,18941,32698,57.9,51585,18928,32657,58
"대구광역시","85세이상",27526,7218,20308,35.5,27486,7198,20288,35.5,30764,8362,22402,37.3,30701,8332,22369,37.2,34183,9545,24638,38.7,34133,9524,24609,38.7
"대구광역시","85~89세",20069,5627,14442,39,20038,5610,14428,38.9,22443,6574,15869,41.4,22403,6551,15852,41.3,25076,7647,17429,43.9,25042,7633,17409,43.8
"대구광역시","90~94세",6096,1333,4763,28,6089,1331,4758,28,6870,1529,5341,28.6,6855,1523,5332,28.6,7468,1602,5866,27.3,7457,1596,5861,27.2
"대구광역시","95~99세",1226,241,985,24.5,1226,241,985,24.5,1301,239,1062,22.5,1297,239,1058,22.6,1454,273,1181,23.1,1453,273,1180,23.1
"대구광역시","100세이상",135,17,118,14.4,133,16,117,13.7,150,20,130,15.4,146,19,127,15,185,23,162,14.2,181,22,159,13.8
"대구광역시","15세미만",301593,155498,146095,106.4,300586,155001,145585,106.5,292063,150477,141586,106.3,290629,149792,140837,106.4,282698,145454,137244,106,281445,144852,136593,106
"대구광역시","15~64세",1785166,906615,878551,103.2,1751704,887633,864071,102.7,1764412,895236,869176,103,1726712,874157,852555,102.5,1733723,877406,856317,102.5,1698519,858750,839769,102.3
"대구광역시","65세이상",357653,150664,206989,72.8,356842,150304,206538,72.8,373465,158041,215424,73.4,372507,157624,214883,73.4,394279,167411,226868,73.8,393338,167023,226315,73.8
"대구광역시","평균연령",42.1,40.7,43.5,-,42.2,40.8,43.6,-,42.7,41.3,44.1,-,42.8,41.4,44.2,-,43.3,41.9,44.7,-,43.4,42,44.8,-
"대구광역시","중위연령",43.7,41.9,45.3,-,43.9,42.2,45.5,-,44.3,42.5,46,-,44.6,42.8,46.2,-,45,43.1,46.6,-,45.3,43.5,46.9,-
"인천광역시","합계",2936117,1476097,1460020,101.1,2847628,1425355,1422273,100.2,2952237,1484528,1467709,101.1,2852063,1427538,1424525,100.2,2945454,1477064,1468390,100.6,2846242,1422376,1423866,99.9
"인천광역시","0~4세",118036,60489,57547,105.1,115194,59017,56177,105.1,111320,57101,54219,105.3,107591,55163,52428,105.2,100431,51612,48819,105.7,96848,49768,47080,105.7
"인천광역시","5~9세",134334,69029,65305,105.7,132732,68203,64529,105.7,133686,68645,65041,105.5,131348,67446,63902,105.5,131940,67711,64229,105.4,129513,66448,63065,105.4
"인천광역시","10~14세",131033,67299,63734,105.6,129962,66761,63201,105.6,130218,66916,63302,105.7,128848,66175,62673,105.6,131690,67621,64069,105.5,130251,66852,63399,105.4
"인천광역시","15~19세",154377,79492,74885,106.2,152415,78508,73907,106.2,148004,76109,71895,105.9,144931,74614,70317,106.1,137257,70521,66736,105.7,135404,69640,65764,105.9
"인천광역시","20~24세",191027,100888,90139,111.9,183634,96524,87110,110.8,187191,98715,88476,111.6,178713,93696,85017,110.2,183896,95592,88304,108.3,176352,91324,85028,107.4
"인천광역시","25~29세",211776,111540,100236,111.3,199068,103655,95413,108.6,217524,115323,102201,112.8,204276,107152,97124,110.3,218574,115347,103227,111.7,206715,108376,98339,110.2
"인천광역시","30~34세",197752,103992,93760,110.9,182629,94429,88200,107.1,195774,103261,92513,111.6,179654,93239,86415,107.9,194775,102684,92091,111.5,178600,93053,85547,108.8
"인천광역시","35~39세",246585,128284,118301,108.4,235177,120955,114222,105.9,239555,124551,115004,108.3,226943,116706,110237,105.9,225743,117514,108229,108.6,212499,109421,103078,106.2
"인천광역시","40~44세",229935,118706,111229,106.7,222363,114071,108292,105.3,228183,117893,110290,106.9,219597,112671,106926,105.4,230990,119057,111933,106.4,221969,113714,108255,105
"인천광역시","45~49세",261999,131828,130171,101.3,254782,127906,126876,100.8,258677,131290,127387,103.1,250778,126838,123940,102.3,251386,127783,123603,103.4,243799,123607,120192,102.8
"인천광역시","50~54세",250929,124114,126815,97.9,244686,120985,123701,97.8,256421,126446,129975,97.3,249493,122841,126652,97,255672,126290,129382,97.6,248733,122760,125973,97.4
"인천광역시","55~59세",258924,130359,128565,101.4,253606,127802,125804,101.6,258996,130128,128868,101,252658,127081,125577,101.2,255044,127389,127655,99.8,248403,124238,124165,100.1
"인천광역시","60~64세",192973,96094,96879,99.2,188689,94087,94602,99.5,208358,103782,104576,99.2,203564,101489,102075,99.4,222461,110882,111579,99.4,217086,108336,108750,99.6
"인천광역시","65~69세",118397,57999,60398,96,116217,56989,59228,96.2,126286,61745,64541,95.7,123622,60539,63083,96,141056,68629,72427,94.8,137888,67219,70669,95.1
"인천광역시","70~74세",89707,41983,47724,88,88949,41691,47258,88.2,95646,45011,50635,88.9,94641,44589,50052,89.1,101005,47817,53188,89.9,99792,47322,52470,90.2
"인천광역시","75~79세",71759,30051,41708,72.1,71359,29917,41442,72.2,73266,31179,42087,74.1,72779,31011,41768,74.2,74691,32119,42572,75.4,74106,31931,42175,75.7
"인천광역시","80~84세",45096,16003,29093,55,44825,15935,28890,55.2,48528,17580,30948,56.8,48205,17486,30719,56.9,50540,18501,32039,57.7,50165,18408,31757,58
"인천광역시","85세이상",31478,7947,23531,33.8,31341,7920,23421,33.8,34604,8853,25751,34.4,34422,8802,25620,34.4,38303,9995,28308,35.3,38119,9959,28160,35.4
"인천광역시","85~89세",21839,5837,16002,36.5,21736,5820,15916,36.6,23659,6469,17190,37.6,23534,6443,17091,37.7,26186,7500,18686,40.1,26048,7474,18574,40.2
"인천광역시","90~94세",7571,1640,5931,27.7,7542,1634,5908,27.7,8679,1889,6790,27.8,8638,1876,6762,27.7,9644,2024,7620,26.6,9604,2016,7588,26.6
"인천광역시","95~99세",1849,441,1408,31.3,1845,438,1407,31.1,1993,441,1552,28.4,1981,433,1548,28,2184,426,1758,24.2,2179,425,1754,24.2
"인천광역시","100세이상",219,29,190,15.3,218,28,190,14.7,273,54,219,24.7,269,50,219,22.8,289,45,244,18.4,288,44,244,18
"인천광역시","15세미만",383403,196817,186586,105.5,377888,193981,183907,105.5,375224,192662,182562,105.5,367787,188784,179003,105.5,364061,186944,177117,105.5,356612,183068,173544,105.5
"인천광역시","15~64세",2196277,1125297,1070980,105.1,2117049,1078922,1038127,103.9,2198683,1127498,1071185,105.3,2110607,1076327,1034280,104.1,2175798,1113059,1062739,104.7,2089560,1064469,1025091,103.8
"인천광역시","65세이상",356437,153983,202454,76.1,352691,152452,200239,76.1,378330,164368,213962,76.8,373669,162427,211242,76.9,405595,177061,228534,77.5,400070,174839,225231,77.6
"인천광역시","평균연령",41,40,42,-,41.1,40.1,42,-,41.5,40.5,42.5,-,41.7,40.7,42.7,-,42.2,41.1,43.2,-,42.3,41.3,43.3,-
"인천광역시","중위연령",41.9,40.7,43.1,-,42.2,41.1,43.3,-,42.4,41.3,43.7,-,42.8,41.7,44,-,43.1,42,44.4,-,43.5,42.4,44.6,-
"광주광역시","합계",1490092,741728,748364,99.1,1460259,725127,735132,98.6,1489730,741287,748443,99,1456444,722939,733505,98.6,1477573,734140,743433,98.7,1447000,717832,729168,98.4
"광주광역시","0~4세",59117,30351,28766,105.5,58606,30092,28514,105.5,55212,28386,26826,105.8,54510,28041,26469,105.9,50161,25580,24581,104.1,49582,25287,24295,104.1
"광주광역시","5~9세",72461,37429,35032,106.8,72122,37270,34852,106.9,71975,37069,34906,106.2,71430,36809,34621,106.3,70839,36580,34259,106.8,70353,36342,34011,106.9
"광주광역시","10~14세",74979,38907,36072,107.9,74735,38783,35952,107.9,73432,38032,35400,107.4,73128,37887,35241,107.5,73754,38149,35605,107.1,73441,38004,35437,107.2
"광주광역시","15~19세",95991,49482,46509,106.4,94765,48861,45904,106.4,90702,46731,43971,106.3,89293,46023,43270,106.4,81777,42398,39379,107.7,80887,41996,38891,108
"광주광역시","20~24세",118636,61702,56934,108.4,113013,58534,54479,107.4,117694,60731,56963,106.6,111384,57139,54245,105.3,113852,59055,54797,107.8,108360,55942,52418,106.7
"광주광역시","25~29세",100269,52939,47330,111.9,94546,49599,44947,110.3,104600,55536,49064,113.2,98608,52051,46557,111.8,106966,56242,50724,110.9,101494,53190,48304,110.1
"광주광역시","30~34세",89671,46229,43442,106.4,85190,43611,41579,104.9,87174,45097,42077,107.2,82165,42265,39900,105.9,86109,44639,41470,107.6,81265,41949,39316,106.7
"광주광역시","35~39세",117599,59291,58308,101.7,114352,57367,56985,100.7,113361,57516,55845,103,109729,55438,54291,102.1,106220,54072,52148,103.7,102632,52109,50523,103.1
"광주광역시","40~44세",117521,59064,58457,101,115139,57737,57402,100.6,114858,57481,57377,100.2,112199,55999,56200,99.6,115100,57375,57725,99.4,112603,56016,56587,99
"광주광역시","45~49세",133365,66705,66660,100.1,131257,65535,65722,99.7,133073,66538,66535,100,130788,65303,65485,99.7,128960,64319,64641,99.5,126826,63237,63589,99.4
"광주광역시","50~54세",121016,60588,60428,100.3,119357,59776,59581,100.3,124598,62354,62244,100.2,122797,61422,61375,100.1,126078,63089,62989,100.2,124416,62290,62126,100.3
"광주광역시","55~59세",115081,57147,57934,98.6,113988,56624,57364,98.7,114111,56861,57250,99.3,112832,56240,56592,99.4,111673,55684,55989,99.5,110423,55115,55308,99.7
"광주광역시","60~64세",85764,41772,43992,95,85074,41426,43648,94.9,92620,45158,47462,95.1,91893,44794,47099,95.1,98575,48116,50459,95.4,97836,47765,50071,95.4
"광주광역시","65~69세",60852,28732,32120,89.5,60567,28609,31958,89.5,61784,29249,32535,89.9,61437,29100,32337,90,66517,31439,35078,89.6,66157,31285,34872,89.7
"광주광역시","70~74세",47800,21911,25889,84.6,47683,21862,25821,84.7,51048,23388,27660,84.6,50895,23316,27579,84.5,53351,24490,28861,84.9,53206,24435,28771,84.9
"광주광역시","75~79세",39582,16788,22794,73.7,39528,16768,22760,73.7,39989,17076,22913,74.5,39917,17051,22866,74.6,40661,17529,23132,75.8,40590,17503,23087,75.8
"광주광역시","80~84세",24092,8630,15462,55.8,24057,8618,15439,55.8,25592,9477,16115,58.8,25559,9466,16093,58.8,27124,10132,16992,59.6,27090,10121,16969,59.6
"광주광역시","85세이상",16296,4061,12235,33.2,16280,4055,12225,33.2,17907,4607,13300,34.6,17880,4595,13285,34.6,19856,5252,14604,36,19839,5246,14593,35.9
"광주광역시","85~89세",11432,3127,8305,37.7,11420,3121,8299,37.6,12598,3509,9089,38.6,12582,3501,9081,38.6,13701,4008,9693,41.3,13690,4004,9686,41.3
"광주광역시","90~94세",3783,778,3005,25.9,3780,778,3002,25.9,4267,947,3320,28.5,4258,944,3314,28.5,4988,1078,3910,27.6,4983,1076,3907,27.5
"광주광역시","95~99세",978,148,830,17.8,977,148,829,17.9,917,141,776,18.2,915,140,775,18.1,1027,156,871,17.9,1026,156,870,17.9
"광주광역시","100세이상",103,8,95,8.4,103,8,95,8.4,125,10,115,8.7,125,10,115,8.7,140,10,130,7.7,140,10,130,7.7
"광주광역시","15세미만",206557,106687,99870,106.8,205463,106145,99318,106.9,200619,103487,97132,106.5,199068,102737,96331,106.6,194754,100309,94445,106.2,193376,99633,93743,106.3
"광주광역시","15~64세",1094913,554919,539994,102.8,1066681,539070,527611,102.2,1092791,554003,538788,102.8,1061688,536674,525014,102.2,1075310,544989,530321,102.8,1046742,529609,517133,102.4
"광주광역시","65세이상",188622,80122,108500,73.8,188115,79912,108203,73.9,196320,83797,112523,74.5,195688,83528,112160,74.5,207509,88842,118667,74.9,206882,88590,118292,74.9
"광주광역시","평균연령",40.1,39,41.2,-,40.2,39.1,41.4,-,40.7,39.5,41.8,-,40.8,39.7,41.9,-,41.3,40.2,42.4,-,41.4,40.3,42.6,-
"광주광역시","중위연령",40.7,39.5,41.9,-,41.1,39.9,42.2,-,41.3,40.1,42.5,-,41.7,40.5,42.9,-,42.1,40.9,43.3,-,42.4,41.2,43.6,-
"대전광역시","합계",1511214,758035,753179,100.6,1488356,747076,741280,100.8,1498839,751585,747254,100.6,1473692,739521,734171,100.7,1488435,744349,744086,100,1465507,733852,731655,100.3
"대전광역시","0~4세",59396,30594,28802,106.2,58893,30335,28558,106.2,54516,28033,26483,105.9,53878,27703,26175,105.8,48875,25091,23784,105.5,48318,24791,23527,105.4
"대전광역시","5~9세",68890,35427,33463,105.9,68636,35299,33337,105.9,67447,34651,32796,105.7,67086,34473,32613,105.7,66365,34063,32302,105.5,66020,33891,32129,105.5
"대전광역시","10~14세",71056,36792,34264,107.4,70916,36718,34198,107.4,68743,35528,33215,107,68532,35414,33118,106.9,68533,35265,33268,106,68353,35174,33179,106
"대전광역시","15~19세",95355,49889,45466,109.7,94176,49284,44892,109.8,90628,47490,43138,110.1,89180,46773,42407,110.3,83574,43616,39958,109.2,82649,43201,39448,109.5
"대전광역시","20~24세",127118,67257,59861,112.4,121799,64753,57046,113.5,124362,65124,59238,109.9,118844,62522,56322,111,123236,63832,59404,107.5,118916,61742,57174,108
"대전광역시","25~29세",109138,59465,49673,119.7,105447,57750,47697,121.1,111165,60580,50585,119.8,107362,58810,48552,121.1,113202,61378,51824,118.4,109481,59724,49757,120
"대전광역시","30~34세",95251,49924,45327,110.1,92226,48479,43747,110.8,92983,49344,43639,113.1,89567,47691,41876,113.9,92626,49509,43117,114.8,89214,47935,41279,116.1
"대전광역시","35~39세",115195,58223,56972,102.2,112989,57163,55826,102.4,110133,55973,54160,103.3,107673,54797,52876,103.6,103463,52723,50740,103.9,101066,51661,49405,104.6
"대전광역시","40~44세",114245,56910,57335,99.3,112684,56119,56565,99.2,110297,54900,55397,99.1,108499,54028,54471,99.2,109803,54504,55299,98.6,108048,53719,54329,98.9
"대전광역시","45~49세",132763,66216,66547,99.5,131208,65439,65769,99.5,129472,64766,64706,100.1,127794,63914,63880,100.1,125131,62357,62774,99.3,123677,61703,61974,99.6
"대전광역시","50~54세",119473,59413,60060,98.9,118247,58815,59432,99,123737,61470,62267,98.7,122395,60798,61597,98.7,124672,62086,62586,99.2,123339,61482,61857,99.4
"대전광역시","55~59세",120602,59583,61019,97.6,119675,59156,60519,97.7,118422,58710,59712,98.3,117361,58220,59141,98.4,115148,57176,57972,98.6,114107,56731,57376,98.9
"대전광역시","60~64세",95516,47003,48513,96.9,94799,46667,48132,97,100048,49170,50878,96.6,99335,48832,50503,96.7,104664,51199,53465,95.8,103939,50871,53068,95.9
"대전광역시","65~69세",62122,30195,31927,94.6,61807,30050,31757,94.6,65580,31696,33884,93.5,65191,31528,33663,93.7,71436,34483,36953,93.3,71000,34293,36707,93.4
"대전광역시","70~74세",45609,21292,24317,87.6,45486,21243,24243,87.6,48045,22645,25400,89.2,47872,22570,25302,89.2,51259,24107,27152,88.8,51076,24034,27042,88.9
"대전광역시","75~79세",38310,16295,22015,74,38238,16268,21970,74,38878,16678,22200,75.1,38813,16650,22163,75.1,39473,17127,22346,76.6,39406,17094,22312,76.6
"대전광역시","80~84세",24513,9024,15489,58.3,24486,9013,15473,58.2,26176,9803,16373,59.9,26133,9789,16344,59.9,26903,10185,16718,60.9,26851,10171,16680,61
"대전광역시","85세이상",16662,4533,12129,37.4,16644,4525,12119,37.3,18207,5024,13183,38.1,18177,5009,13168,38,20072,5648,14424,39.2,20047,5635,14412,39.1
"대전광역시","85~89세",11644,3371,8273,40.7,11633,3365,8268,40.7,12719,3790,8929,42.4,12702,3782,8920,42.4,14007,4296,9711,44.2,13992,4289,9703,44.2
"대전광역시","90~94세",3982,962,3020,31.9,3977,961,3016,31.9,4378,1019,3359,30.3,4368,1013,3355,30.2,4921,1149,3772,30.5,4912,1144,3768,30.4
"대전광역시","95~99세",930,185,745,24.8,928,184,744,24.7,997,194,803,24.2,994,193,801,24.1,1019,176,843,20.9,1019,176,843,20.9
"대전광역시","100세이상",106,15,91,16.5,106,15,91,16.5,113,21,92,22.8,113,21,92,22.8,125,27,98,27.6,124,26,98,26.5
"대전광역시","15세미만",199342,102813,96529,106.5,198445,102352,96093,106.5,190706,98212,92494,106.2,189496,97590,91906,106.2,183773,94419,89354,105.7,182691,93856,88835,105.7
"대전광역시","15~64세",1124656,573883,550773,104.2,1103250,563625,539625,104.4,1111247,567527,543720,104.4,1088010,556385,531625,104.7,1095519,558380,537139,104,1074436,548769,525667,104.4
"대전광역시","65세이상",187216,81339,105877,76.8,186661,81099,105562,76.8,196886,85846,111040,77.3,196186,85546,110640,77.3,209143,91550,117593,77.9,208380,91227,117153,77.9
"대전광역시","평균연령",40.2,39.1,41.3,-,40.3,39.2,41.5,-,40.8,39.7,41.9,-,41,39.8,42.1,-,41.4,40.3,42.5,-,41.5,40.4,42.6,-
"대전광역시","중위연령",40.7,39.2,42.1,-,40.9,39.4,42.3,-,41.3,39.9,42.8,-,41.6,40.1,43.1,-,42,40.6,43.4,-,42.2,40.8,43.7,-
"울산광역시","합계",1150116,595795,554321,107.5,1122954,579263,543691,106.5,1143692,591965,551727,107.3,1115088,574546,540542,106.3,1135423,585978,549445,106.6,1108528,570131,538397,105.9
"울산광역시","0~4세",51327,26424,24903,106.1,50870,26198,24672,106.2,47359,24435,22924,106.6,46838,24178,22660,106.7,42442,21750,20692,105.1,41958,21497,20461,105.1
"울산광역시","5~9세",57107,29557,27550,107.3,56852,29429,27423,107.3,57292,29532,27760,106.4,56923,29339,27584,106.4,56827,29269,27558,106.2,56469,29070,27399,106.1
"울산광역시","10~14세",54425,28504,25921,110,54249,28412,25837,110,54052,28178,25874,108.9,53836,28060,25776,108.9,55024,28642,26382,108.6,54809,28522,26287,108.5
"울산광역시","15~19세",63055,34433,28622,120.3,62598,34181,28417,120.3,58614,31852,26762,119,58110,31578,26532,119,54045,29197,24848,117.5,53698,29018,24680,117.6
"울산광역시","20~24세",73066,42595,30471,139.8,70594,41104,29490,139.4,70145,40951,29194,140.3,67440,39247,28193,139.2,67960,39258,28702,136.8,65714,37891,27823,136.2
"울산광역시","25~29세",76961,43594,33367,130.7,72681,40823,31858,128.1,76543,43548,32995,132,72073,40647,31426,129.3,75712,42971,32741,131.2,71870,40592,31278,129.8
"울산광역시","30~34세",74711,40707,34004,119.7,70161,37714,32447,116.2,72465,39810,32655,121.9,67734,36765,30969,118.7,70942,39071,31871,122.6,66456,36280,30176,120.2
"울산광역시","35~39세",96923,50903,46020,110.6,93593,48690,44903,108.4,93355,49032,44323,110.6,89874,46765,43109,108.5,86575,45468,41107,110.6,83173,43341,39832,108.8
"울산광역시","40~44세",89675,46287,43388,106.7,87248,44780,42468,105.4,88494,46001,42493,108.3,85918,44414,41504,107,90201,46999,43202,108.8,87657,45455,42202,107.7
"울산광역시","45~49세",105641,52547,53094,99,102977,50978,51999,98,102387,50955,51432,99.1,99756,49394,50362,98.1,98136,48975,49161,99.6,95717,47592,48125,98.9
"울산광역시","50~54세",106434,54185,52249,103.7,103971,52781,51190,103.1,108271,54637,53634,101.9,105774,53192,52582,101.2,107401,53606,53795,99.6,104946,52214,52732,99
"울산광역시","55~59세",103394,53366,50028,106.7,101628,52383,49245,106.4,103128,53237,49891,106.7,101210,52152,49058,106.3,102721,53128,49593,107.1,100781,52055,48726,106.8
"울산광역시","60~64세",75971,38500,37471,102.7,74954,37945,37009,102.5,81602,41273,40329,102.3,80550,40697,39853,102.1,86667,43835,42832,102.3,85533,43219,42314,102.1
"울산광역시","65~69세",46875,23702,23173,102.3,46401,23480,22921,102.4,50234,25279,24955,101.3,49725,25029,24696,101.3,56099,28034,28065,99.9,55525,27756,27769,100
"울산광역시","70~74세",29859,14549,15310,95,29695,14481,15214,95.2,32533,16105,16428,98,32332,16019,16313,98.2,35372,17512,17860,98.1,35148,17433,17715,98.4
"울산광역시","75~79세",22972,9794,13178,74.3,22860,9756,13104,74.5,23579,10146,13433,75.5,23467,10106,13361,75.6,23848,10472,13376,78.3,23725,10428,13297,78.4
"울산광역시","80~84세",13216,4299,8917,48.2,13151,4285,8866,48.3,14188,4853,9335,52,14119,4834,9285,52.1,15088,5355,9733,55,15016,5336,9680,55.1
"울산광역시","85세이상",8504,1849,6655,27.8,8471,1843,6628,27.8,9451,2141,7310,29.3,9409,2130,7279,29.3,10363,2436,7927,30.7,10333,2432,7901,30.8
"울산광역시","85~89세",6067,1496,4571,32.7,6039,1492,4547,32.8,6712,1717,4995,34.4,6682,1710,4972,34.4,7394,1968,5426,36.3,7374,1964,5410,36.3
"울산광역시","90~94세",1966,288,1678,17.2,1962,286,1676,17.1,2247,364,1883,19.3,2236,360,1876,19.2,2406,403,2003,20.1,2396,403,1993,20.2
"울산광역시","95~99세",430,64,366,17.5,429,64,365,17.5,450,58,392,14.8,449,58,391,14.8,523,64,459,13.9,523,64,459,13.9
"울산광역시","100세이상",41,X,40,2.5,41,X,40,2.5,42,X,40,5,42,X,40,5,40,X,39,2.6,40,X,39,2.6
"울산광역시","15세미만",162859,84485,78374,107.8,161971,84039,77932,107.8,158703,82145,76558,107.3,157597,81577,76020,107.3,154293,79661,74632,106.7,153236,79089,74147,106.7
"울산광역시","15~64세",865831,457117,408714,111.8,840405,441379,399026,110.6,855004,451296,403708,111.8,828439,434851,393588,110.5,840360,442508,397852,111.2,815545,427657,387888,110.3
"울산광역시","65세이상",121426,54193,67233,80.6,120578,53845,66733,80.7,129985,58524,71461,81.9,129052,58118,70934,81.9,140770,63809,76961,82.9,139747,63385,76362,83
"울산광역시","평균연령",40.2,39.2,41.3,-,40.2,39.2,41.3,-,40.8,39.8,41.9,-,40.9,39.9,42,-,41.5,40.5,42.6,-,41.6,40.6,42.6,-
"울산광역시","중위연령",41.6,40.1,43.2,-,41.7,40.3,43.3,-,42.3,40.9,44,-,42.6,41.1,44.1,-,43.1,41.7,44.7,-,43.3,41.9,44.9,-
"세종특별자치시","합계",312374,157289,155085,101.4,305888,153402,152486,100.6,338136,170148,167988,101.3,330307,165288,165019,100.2,353933,177939,175994,101.1,346689,173541,173148,100.2
"세종특별자치시","0~4세",20864,10702,10162,105.3,20778,10654,10124,105.2,21785,11135,10650,104.6,21683,11074,10609,104.4,20858,10641,10217,104.1,20767,10589,10178,104
"세종특별자치시","5~9세",22684,11625,11059,105.1,22632,11597,11035,105.1,24398,12477,11921,104.7,24325,12438,11887,104.6,25681,13204,12477,105.8,25615,13170,12445,105.8
"세종특별자치시","10~14세",19613,9751,9862,98.9,19579,9744,9835,99.1,21380,10682,10698,99.9,21337,10670,10667,100,23301,11739,11562,101.5,23265,11728,11537,101.7
"세종특별자치시","15~19세",17348,8818,8530,103.4,17017,8623,8394,102.7,17841,8968,8873,101.1,17469,8744,8725,100.2,18999,9479,9520,99.6,18846,9392,9454,99.3
"세종특별자치시","20~24세",19692,10629,9063,117.3,18767,10094,8673,116.4,20804,11216,9588,117,19491,10351,9140,113.2,21654,11579,10075,114.9,20512,10843,9669,112.1
"세종특별자치시","25~29세",18783,9804,8979,109.2,17656,9069,8587,105.6,20867,10901,9966,109.4,19449,9953,9496,104.8,21226,11062,10164,108.8,19927,10202,9725,104.9
"세종특별자치시","30~34세",23853,11766,12087,97.3,22828,11097,11731,94.6,25627,12677,12950,97.9,24383,11840,12543,94.4,26074,12939,13135,98.5,24887,12173,12714,95.7
"세종특별자치시","35~39세",33736,16443,17293,95.1,32963,15978,16985,94.1,35451,17382,18069,96.2,34602,16872,17730,95.2,34999,17146,17853,96,34059,16575,17484,94.8
"세종특별자치시","40~44세",30228,15349,14879,103.2,29664,15016,14648,102.5,32778,16485,16293,101.2,32156,16132,16024,100.7,35241,17500,17741,98.6,34653,17166,17487,98.2
"세종특별자치시","45~49세",26319,14220,12099,117.5,25846,13937,11909,117,29517,15700,13817,113.6,28974,15368,13606,113,31435,16567,14868,111.4,30954,16289,14665,111.1
"세종특별자치시","50~54세",19174,9962,9212,108.1,18779,9743,9036,107.8,22016,11488,10528,109.1,21590,11238,10352,108.6,23999,12552,11447,109.7,23571,12309,11262,109.3
"세종특별자치시","55~59세",18027,9172,8855,103.6,17695,9004,8691,103.6,19389,9897,9492,104.3,18987,9689,9298,104.2,20097,10322,9775,105.6,19732,10139,9593,105.7
"세종특별자치시","60~64세",14202,7068,7134,99.1,13979,6946,7033,98.8,16003,7992,8011,99.8,15747,7854,7893,99.5,17376,8657,8719,99.3,17117,8519,8598,99.1
"세종특별자치시","65~69세",9251,4513,4738,95.3,9159,4456,4703,94.7,10237,4985,5252,94.9,10135,4928,5207,94.6,11668,5723,5945,96.3,11539,5651,5888,96
"세종특별자치시","70~74세",6377,2987,3390,88.1,6350,2971,3379,87.9,7160,3408,3752,90.8,7124,3390,3734,90.8,7929,3829,4100,93.4,7878,3806,4072,93.5
"세종특별자치시","75~79세",5710,2402,3308,72.6,5697,2398,3299,72.7,5793,2462,3331,73.9,5780,2458,3322,74,5872,2529,3343,75.7,5857,2524,3333,75.7
"세종특별자치시","80~84세",3835,1407,2428,57.9,3823,1405,2418,58.1,4045,1475,2570,57.4,4038,1473,2565,57.4,4178,1559,2619,59.5,4168,1554,2614,59.4
"세종특별자치시","85세이상",2678,671,2007,33.4,2676,670,2006,33.4,3045,818,2227,36.7,3037,816,2221,36.7,3346,912,2434,37.5,3342,912,2430,37.5
"세종특별자치시","85~89세",1918,505,1413,35.7,1916,504,1412,35.7,2154,618,1536,40.2,2148,616,1532,40.2,2348,689,1659,41.5,2344,689,1655,41.6
"세종특별자치시","90~94세",619,141,478,29.5,619,141,478,29.5,745,173,572,30.2,743,173,570,30.4,830,192,638,30.1,830,192,638,30.1
"세종특별자치시","95~99세",120,24,96,25,120,24,96,25,125,25,100,25,125,25,100,25,152,29,123,23.6,152,29,123,23.6
"세종특별자치시","100세이상",21,X,20,5,21,X,20,5,21,X,19,10.5,21,X,19,10.5,16,X,14,14.3,16,X,14,14.3
"세종특별자치시","15세미만",63161,32078,31083,103.2,62989,31995,30994,103.2,67563,34294,33269,103.1,67345,34182,33163,103.1,69840,35584,34256,103.9,69647,35487,34160,103.9
"세종특별자치시","15~64세",221362,113231,108131,104.7,215194,109507,105687,103.6,240293,122706,117587,104.4,232848,118041,114807,102.8,251100,127803,123297,103.7,244258,123607,120651,102.5
"세종특별자치시","65세이상",27851,11980,15871,75.5,27705,11900,15805,75.3,30280,13148,17132,76.7,30114,13065,17049,76.6,32993,14552,18441,78.9,32784,14447,18337,78.8
"세종특별자치시","평균연령",36.2,35.6,36.9,-,36.2,35.6,36.9,-,36.5,35.9,37.1,-,36.5,36,37.1,-,36.9,36.3,37.4,-,36.9,36.3,37.4,-
"세종특별자치시","중위연령",37,36.8,37.3,-,37.1,36.9,37.3,-,37.5,37.2,37.7,-,37.6,37.4,37.8,-,38,37.7,38.3,-,38.1,37.9,38.3,-
"경기도","합계",13103188,6635106,6468082,102.6,12544991,6301846,6243145,100.9,13300900,6740448,6560452,102.7,12706105,6385194,6320911,101,13511676,6828367,6683309,102.2,12928214,6489718,6438496,100.8
"경기도","0~4세",563208,288581,274627,105.1,550307,281968,268339,105.1,538700,276443,262257,105.4,523378,268607,254771,105.4,501986,257213,244773,105.1,486921,249590,237331,105.2
"경기도","5~9세",643029,329984,313045,105.4,635978,326438,309540,105.5,648107,332102,316005,105.1,638841,327453,311388,105.2,652341,333805,318536,104.8,642465,328877,313588,104.9
"경기도","10~14세",625920,321256,304664,105.4,622001,319321,302680,105.5,624707,320316,304391,105.2,619547,317745,301802,105.3,640423,328666,311757,105.4,634804,325837,308967,105.5
"경기도","15~19세",711806,367865,343941,107,704181,363915,340266,107,684717,353116,331601,106.5,676519,349037,327482,106.6,654522,335837,318685,105.4,648335,332871,315464,105.5
"경기도","20~24세",847682,452265,395417,114.4,801875,422273,379602,111.2,834387,444948,389439,114.3,786388,413913,372475,111.1,847646,444969,402677,110.5,808894,421169,387725,108.6
"경기도","25~29세",919599,496998,422601,117.6,834485,439555,394930,111.3,953622,517879,435743,118.8,868553,460084,408469,112.6,980796,531660,449136,118.4,904805,481163,423642,113.6
"경기도","30~34세",899207,476558,422649,112.8,807838,416973,390865,106.7,906611,483344,423267,114.2,810656,420945,389711,108,919054,489226,429828,113.8,824564,429201,395363,108.6
"경기도","35~39세",1131739,585920,545819,107.3,1063315,541625,521690,103.8,1118336,582039,536297,108.5,1044396,534214,510182,104.7,1083739,564534,519205,108.7,1007461,516508,490953,105.2
"경기도","40~44세",1079663,553658,526005,105.3,1032478,524350,508128,103.2,1079145,554175,524970,105.6,1027063,521697,505366,103.2,1107785,568811,538974,105.5,1054406,535882,518524,103.3
"경기도","45~49세",1214041,616974,597067,103.3,1164537,589178,575359,102.4,1214187,619038,595149,104,1163248,589713,573535,102.8,1195611,608441,587170,103.6,1148173,581446,566727,102.6
"경기도","50~54세",1091113,551060,540053,102,1045208,526870,518338,101.6,1138512,572780,565732,101.2,1090769,547215,543554,100.7,1166575,585288,581287,100.7,1119026,560315,558711,100.3
"경기도","55~59세",1056744,536539,520205,103.1,1016820,516779,500041,103.3,1073487,544882,528605,103.1,1029560,522724,506836,103.1,1079402,546744,532658,102.6,1033958,524219,509739,102.8
"경기도","60~64세",789566,394929,394637,100.1,758875,379729,379146,100.2,856522,428906,427616,100.3,824209,412981,411228,100.4,923711,462472,461239,100.3,888503,445476,443027,100.6
"경기도","65~69세",493540,239025,254515,93.9,479507,232391,247116,94,531844,258300,273544,94.4,515623,250655,264968,94.6,599220,291342,307878,94.6,579930,282391,297539,94.9
"경기도","70~74세",382794,176951,205843,86,378409,175157,203252,86.2,405474,189352,216122,87.6,399915,186982,212933,87.8,427729,199991,227738,87.8,420576,197002,223574,88.1
"경기도","75~79세",316153,134673,181480,74.2,313834,133966,179868,74.5,323247,138510,184737,75,320620,137648,182972,75.2,331533,143197,188336,76,328604,142275,186329,76.4
"경기도","80~84세",201839,74832,127007,58.9,200422,74450,125972,59.1,218192,82160,136032,60.4,216629,81691,134938,60.5,230254,88134,142120,62,228357,87649,140708,62.3
"경기도","85세이상",135545,37038,98507,37.6,134921,36908,98013,37.7,151103,42158,108945,38.7,150191,41890,108301,38.7,169349,48037,121312,39.6,168432,47847,120585,39.7
"경기도","85~89세",94115,27654,66461,41.6,93617,27550,66067,41.7,104068,31406,72662,43.2,103440,31223,72217,43.2,116857,36118,80739,44.7,116151,35969,80182,44.9
"경기도","90~94세",32367,7338,25029,29.3,32263,7315,24948,29.3,37290,8581,28709,29.9,37091,8526,28565,29.8,41752,9687,32065,30.2,41579,9654,31925,30.2
"경기도","95~99세",8070,1891,6179,30.6,8051,1889,6162,30.7,8600,1948,6652,29.3,8522,1922,6600,29.1,9426,1986,7440,26.7,9394,1980,7414,26.7
"경기도","100세이상",993,155,838,18.5,990,154,836,18.4,1145,223,922,24.2,1138,219,919,23.8,1314,246,1068,23,1308,244,1064,22.9
"경기도","15세미만",1832157,939821,892336,105.3,1808286,927727,880559,105.4,1811514,928861,882653,105.2,1781766,913805,867961,105.3,1794750,919684,875066,105.1,1764190,904304,859886,105.2
"경기도","15~64세",9741160,5032766,4708394,106.9,9229612,4721247,4508365,104.7,9859526,5101107,4758419,107.2,9321361,4772523,4548838,104.9,9958841,5137982,4820859,106.6,9438125,4828250,4609875,104.7
"경기도","65세이상",1529871,662519,867352,76.4,1507093,652872,854221,76.4,1629860,710480,919380,77.3,1602978,698866,904112,77.3,1758085,770701,987384,78.1,1725899,757164,968735,78.2
"경기도","평균연령",40.3,39.3,41.2,-,40.3,39.4,41.2,-,40.8,39.9,41.8,-,40.9,40,41.8,-,41.3,40.4,42.3,-,41.4,40.5,42.3,-
"경기도","중위연령",41,40,42.1,-,41.3,40.4,42.2,-,41.5,40.5,42.7,-,41.9,40.9,42.8,-,42,41,43.2,-,42.3,41.4,43.3,-
"강원도","합계",1520391,768604,751787,102.2,1496242,755527,740715,102,1520127,767717,752410,102,1493119,753098,740021,101.8,1521763,767674,754089,101.8,1497109,754831,742278,101.7
"강원도","0~4세",50189,25640,24549,104.4,50042,25567,24475,104.5,47941,24485,23456,104.4,47717,24373,23344,104.4,45588,23331,22257,104.8,45372,23226,22146,104.9
"강원도","5~9세",61506,31536,29970,105.2,61403,31487,29916,105.3,60559,31058,29501,105.3,60404,30980,29424,105.3,59507,30432,29075,104.7,59355,30353,29002,104.7
"강원도","10~14세",64623,33589,31034,108.2,64521,33540,30981,108.3,63115,32744,30371,107.8,62983,32681,30302,107.9,63319,32728,30591,107,63225,32688,30537,107
"강원도","15~19세",85220,45359,39861,113.8,84452,44940,39512,113.7,79998,42385,37613,112.7,79303,42048,37255,112.9,72734,38538,34196,112.7,72366,38340,34026,112.7
"강원도","20~24세",105492,60397,45095,133.9,100643,57582,43061,133.7,102735,58406,44329,131.8,97721,55459,42262,131.2,99186,56128,43058,130.4,95232,53877,41355,130.3
"강원도","25~29세",86744,49825,36919,135,82242,47198,35044,134.7,87962,50362,37600,133.9,82877,47444,35433,133.9,89166,51128,38038,134.4,84339,48375,35964,134.5
"강원도","30~34세",76859,41343,35516,116.4,73190,39284,33906,115.9,76364,41162,35202,116.9,72207,38835,33372,116.4,76486,41298,35188,117.4,72513,39128,33385,117.2
"강원도","35~39세",98178,50306,47872,105.1,95467,48778,46689,104.5,95332,49118,46214,106.3,92272,47417,44855,105.7,90838,47094,43744,107.7,87830,45489,42341,107.4
"강원도","40~44세",103412,52901,50511,104.7,101603,51922,49681,104.5,99749,50936,48813,104.3,97651,49806,47845,104.1,100087,50766,49321,102.9,98019,49700,48319,102.9
"강원도","45~49세",123948,64550,59398,108.7,122288,63742,58546,108.9,122187,63420,58767,107.9,120356,62511,57845,108.1,118985,61442,57543,106.8,117348,60692,56656,107.1
"강원도","50~54세",122446,63047,59399,106.1,121053,62461,58592,106.6,125605,64518,61087,105.6,123945,63753,60192,105.9,128191,66334,61857,107.2,126700,65717,60983,107.8
"강원도","55~59세",139915,70108,69807,100.4,138897,69679,69218,100.7,137387,69326,68061,101.9,136177,68781,67396,102.1,132525,66983,65542,102.2,131358,66517,64841,102.6
"강원도","60~64세",121823,61442,60381,101.8,121149,61125,60024,101.8,128720,64683,64037,101,127907,64303,63604,101.1,136174,68011,68163,99.8,135320,67645,67675,100
"강원도","65~69세",77594,37366,40228,92.9,77199,37191,40008,93,84543,41131,43412,94.7,84095,40916,43179,94.8,96073,47290,48783,96.9,95640,47083,48557,97
"강원도","70~74세",68572,31587,36985,85.4,68413,31503,36910,85.4,68564,32083,36481,87.9,68360,31984,36376,87.9,68023,31744,36279,87.5,67813,31650,36163,87.5
"강원도","75~79세",64655,27142,37513,72.4,64557,27097,37460,72.3,64630,27293,37337,73.1,64515,27241,37274,73.1,64713,27602,37111,74.4,64601,27557,37044,74.4
"강원도","80~84세",41514,15260,26254,58.1,41455,15235,26220,58.1,44795,16822,27973,60.1,44740,16803,27937,60.1,47478,18146,29332,61.9,47425,18124,29301,61.9
"강원도","85세이상",27701,7206,20495,35.2,27668,7196,20472,35.2,29941,7785,22156,35.1,29889,7763,22126,35.1,32690,8679,24011,36.1,32653,8670,23983,36.2
"강원도","85~89세",18843,5151,13692,37.6,18820,5144,13676,37.6,20161,5609,14552,38.5,20126,5593,14533,38.5,21950,6342,15608,40.6,21924,6335,15589,40.6
"강원도","90~94세",6971,1589,5382,29.5,6966,1587,5379,29.5,7729,1678,6051,27.7,7721,1674,6047,27.7,8481,1788,6693,26.7,8472,1786,6686,26.7
"강원도","95~99세",1687,430,1257,34.2,1682,429,1253,34.2,1805,448,1357,33,1797,447,1350,33.1,2005,506,1499,33.8,2003,506,1497,33.8
"강원도","100세이상",200,36,164,22,200,36,164,22,246,50,196,25.5,245,49,196,25,254,43,211,20.4,254,43,211,20.4
"강원도","15세미만",176318,90765,85553,106.1,175966,90594,85372,106.1,171615,88287,83328,106,171104,88034,83070,106,168414,86491,81923,105.6,167952,86267,81685,105.6
"강원도","15~64세",1064037,559278,504759,110.8,1040984,546711,494273,110.6,1056039,554316,501723,110.5,1030416,540357,490059,110.3,1044372,547722,496650,110.3,1021025,535480,485545,110.3
"강원도","65세이상",280036,118561,161475,73.4,279292,118222,161070,73.4,292473,125114,167359,74.8,291599,124707,166892,74.7,308977,133461,175516,76,308132,133084,175048,76
"강원도","평균연령",44.3,42.6,45.9,-,44.4,42.8,46.1,-,44.9,43.3,46.5,-,45,43.4,46.6,-,45.5,43.9,47.1,-,45.6,44.1,47.3,-
"강원도","중위연령",46.2,44.5,48,-,46.5,44.8,48.2,-,46.9,45.3,48.7,-,47.3,45.6,49,-,47.8,46.1,49.5,-,48.1,46.5,49.8,-
"충청북도","합계",1620935,826183,794752,104,1566100,791904,774196,102.3,1629343,832543,796800,104.5,1569560,795522,774038,102.8,1632088,833819,798269,104.5,1574994,799168,775826,103
"충청북도","0~4세",62106,31660,30446,104,61354,31261,30093,103.9,58676,30021,28655,104.8,57751,29552,28199,104.8,54135,27894,26241,106.3,53233,27410,25823,106.1
"충청북도","5~9세",71283,36546,34737,105.2,70796,36313,34483,105.3,71263,36251,35012,103.5,70566,35915,34651,103.6,70381,35778,34603,103.4,69708,35453,34255,103.5
"충청북도","10~14세",71002,36866,34136,108,70678,36694,33984,108,70241,36486,33755,108.1,69786,36247,33539,108.1,71406,36949,34457,107.2,70968,36712,34256,107.2
"충청북도","15~19세",91800,48510,43290,112.1,90662,47905,42757,112,87200,46116,41084,112.2,85988,45453,40535,112.1,80349,42301,38048,111.2,79576,41872,37704,111.1
"충청북도","20~24세",117659,65165,52494,124.1,110420,60500,49920,121.2,115325,64204,51121,125.6,107757,59346,48411,122.6,112671,62251,50420,123.5,106223,58181,48042,121.1
"충청북도","25~29세",103505,59358,44147,134.5,93665,52809,40856,129.3,107289,62250,45039,138.2,96911,55389,41522,133.4,110612,64492,46120,139.8,101030,58224,42806,136
"충청북도","30~34세",97768,53421,44347,120.5,88653,47305,41348,114.4,96888,53193,43695,121.7,86830,46564,40266,115.6,96749,53535,43214,123.9,86765,47102,39663,118.8
"충청북도","35~39세",117850,62202,55648,111.8,110983,57554,53429,107.7,115928,61457,54471,112.8,108382,56463,51919,108.8,111096,58944,52152,113,103470,54014,49456,109.2
"충청북도","40~44세",115493,60046,55447,108.3,110859,57150,53709,106.4,113640,59283,54357,109.1,108378,55963,52415,106.8,114380,59730,54650,109.3,109162,56480,52682,107.2
"충청북도","45~49세",133310,68972,64338,107.2,128909,66392,62517,106.2,130855,67998,62857,108.2,126317,65375,60942,107.3,128136,66220,61916,107,123911,63845,60066,106.3
"충청북도","50~54세",130773,67034,63739,105.2,127005,64933,62072,104.6,137475,70336,67139,104.8,133346,67999,65347,104.1,137809,70557,67252,104.9,133879,68416,65463,104.5
"충청북도","55~59세",137525,70114,67411,104,134566,68541,66025,103.8,135596,69416,66180,104.9,132320,67651,64669,104.6,135185,69535,65650,105.9,131928,67795,64133,105.7
"충청북도","60~64세",115153,58123,57030,101.9,113209,56990,56219,101.4,121813,61505,60308,102,119685,60335,59350,101.7,128155,64654,63501,101.8,125940,63502,62438,101.7
"충청북도","65~69세",75066,36807,38259,96.2,74232,36381,37851,96.1,80612,39510,41102,96.1,79658,39007,40651,96,89589,44008,45581,96.5,88503,43449,45054,96.4
"충청북도","70~74세",58786,27195,31591,86.1,58495,27079,31416,86.2,60669,28779,31890,90.2,60286,28608,31678,90.3,62384,29703,32681,90.9,61963,29525,32438,91
"충청북도","75~79세",57258,23693,33565,70.6,57127,23651,33476,70.7,56436,23339,33097,70.5,56303,23295,33008,70.6,56045,23513,32532,72.3,55887,23465,32422,72.4
"충청북도","80~84세",39429,14008,25421,55.1,39353,13991,25362,55.2,41700,15117,26583,56.9,41611,15094,26517,56.9,42272,15521,26751,58,42162,15501,26661,58.1
"충청북도","85세이상",25169,6463,18706,34.6,25134,6455,18679,34.6,27737,7282,20455,35.6,27685,7266,20419,35.6,30734,8234,22500,36.6,30686,8222,22464,36.6
"충청북도","85~89세",17889,4859,13030,37.3,17861,4853,13008,37.3,19575,5483,14092,38.9,19540,5470,14070,38.9,21740,6288,15452,40.7,21702,6277,15425,40.7
"충청북도","90~94세",5759,1321,4438,29.8,5753,1320,4433,29.8,6560,1493,5067,29.5,6549,1491,5058,29.5,7230,1601,5629,28.4,7222,1601,5621,28.5
"충청북도","95~99세",1361,267,1094,24.4,1360,266,1094,24.3,1427,282,1145,24.6,1421,281,1140,24.6,1556,315,1241,25.4,1554,314,1240,25.3
"충청북도","100세이상",160,16,144,11.1,160,16,144,11.1,175,24,151,15.9,175,24,151,15.9,208,30,178,16.9,208,30,178,16.9
"충청북도","15세미만",204391,105072,99319,105.8,202828,104268,98560,105.8,200180,102758,97422,105.5,198103,101714,96389,105.5,195922,100621,95301,105.6,193909,99575,94334,105.6
"충청북도","15~64세",1160836,612945,547891,111.9,1108931,580079,528852,109.7,1162009,615758,546251,112.7,1105914,580538,525376,110.5,1155142,612219,542923,112.8,1101884,579431,522453,110.9
"충청북도","65세이상",255708,108166,147542,73.3,254341,107557,146784,73.3,267154,114027,153127,74.5,265543,113270,152273,74.4,281024,120979,160045,75.6,279201,120162,159039,75.6
"충청북도","평균연령",42.4,41,43.9,-,42.6,41.2,44,-,42.9,41.5,44.4,-,43.2,41.7,44.6,-,43.5,42,45,-,43.7,42.3,45.2,-
"충청북도","중위연령",43.5,41.7,45.2,-,44,42.4,45.5,-,44.1,42.2,45.9,-,44.7,43,46.3,-,44.7,42.9,46.6,-,45.3,43.6,47,-
"충청남도","합계",2181416,1119996,1061420,105.5,2085578,1061485,1024093,103.7,2188649,1124678,1063971,105.7,2084631,1061585,1023046,103.8,2176636,1117575,1059061,105.5,2077470,1058869,1018601,104
"충청남도","0~4세",88159,44922,43237,103.9,86621,44147,42474,103.9,82712,42212,40500,104.2,80868,41295,39573,104.4,75539,38624,36915,104.6,73751,37726,36025,104.7
"충청남도","5~9세",101586,52389,49197,106.5,100687,51918,48769,106.5,100919,51978,48941,106.2,99683,51323,48360,106.1,99473,51033,48440,105.4,98233,50398,47835,105.4
"충청남도","10~14세",97915,50647,47268,107.1,97353,50353,47000,107.1,97767,50526,47241,107,97011,50113,46898,106.9,99816,51744,48072,107.6,98989,51289,47700,107.5
"충청남도","15~19세",123026,64278,58748,109.4,120816,63241,57575,109.8,118253,61663,56590,109,115881,60573,55308,109.5,107031,55685,51346,108.5,105327,54907,50420,108.9
"충청남도","20~24세",148850,80883,67967,119,136454,73689,62765,117.4,146308,79091,67217,117.7,133469,71675,61794,116,138808,74858,63950,117.1,127916,68805,59111,116.4
"충청남도","25~29세",135158,76756,58402,131.4,118697,65843,52854,124.6,136534,78016,58518,133.3,119097,66494,52603,126.4,135452,77631,57821,134.3,119515,67311,52204,128.9
"충청남도","30~34세",139708,77443,62265,124.4,123349,66628,56721,117.5,137629,76834,60795,126.4,119934,65204,54730,119.1,134317,74888,59429,126,117222,63898,53324,119.8
"충청남도","35~39세",171232,93064,78168,119.1,158758,84729,74029,114.5,167421,90855,76566,118.7,153827,82016,71811,114.2,158471,86058,72413,118.8,144801,77356,67445,114.7
"충청남도","40~44세",160037,86036,74001,116.3,151487,80492,70995,113.4,158686,85226,73460,116,149050,79096,69954,113.1,161373,86684,74689,116.1,151756,80666,71090,113.5
"충청남도","45~49세",175970,94315,81655,115.5,167942,89556,78386,114.2,175448,94308,81140,116.2,166931,89161,77770,114.6,172495,92159,80336,114.7,164549,87466,77083,113.5
"충청남도","50~54세",163316,85911,77405,111,157075,82545,74530,110.8,169756,89458,80298,111.4,162996,85764,77232,111,170448,89941,80507,111.7,163975,86482,77493,111.6
"충청남도","55~59세",172275,88802,83473,106.4,167709,86476,81233,106.5,172052,89402,82650,108.2,166904,86733,80171,108.2,170461,89158,81303,109.7,165142,86476,78666,109.9
"충청남도","60~64세",141028,70769,70259,100.7,137876,69130,68746,100.6,148630,74683,73947,101,145294,72967,72327,100.9,157804,79367,78437,101.2,154302,77662,76640,101.3
"충청남도","65~69세",102476,50005,52471,95.3,101091,49317,51774,95.3,106388,51796,54592,94.9,104782,51007,53775,94.9,115488,56440,59048,95.6,113678,55601,58077,95.7
"충청남도","70~74세",80854,37852,43002,88,80339,37650,42689,88.2,85117,40576,44541,91.1,84475,40317,44158,91.3,91342,43738,47604,91.9,90622,43452,47170,92.1
"충청남도","75~79세",79419,32620,46799,69.7,79155,32536,46619,69.8,78007,32333,45674,70.8,77697,32218,45479,70.8,76790,32212,44578,72.3,76460,32098,44362,72.4
"충청남도","80~84세",60114,22003,38111,57.7,59943,21952,37991,57.8,62787,23002,39785,57.8,62605,22954,39651,57.9,62494,23171,39323,58.9,62296,23127,39169,59
"충청남도","85세이상",40293,11301,28992,39,40226,11283,28943,39,44235,12719,31516,40.4,44127,12675,31452,40.3,49034,14184,34850,40.7,48936,14149,34787,40.7
"충청남도","85~89세",28914,8738,20176,43.3,28860,8723,20137,43.3,31609,9854,21755,45.3,31533,9822,21711,45.2,35174,10997,24177,45.5,35101,10971,24130,45.5
"충청남도","90~94세",8940,2122,6818,31.1,8929,2119,6810,31.1,10102,2396,7706,31.1,10078,2386,7692,31,11183,2689,8494,31.7,11161,2682,8479,31.6
"충청남도","95~99세",2198,410,1788,22.9,2196,410,1786,23,2229,424,1805,23.5,2221,422,1799,23.5,2327,443,1884,23.5,2325,442,1883,23.5
"충청남도","100세이상",241,31,210,14.8,241,31,210,14.8,295,45,250,18,295,45,250,18,350,55,295,18.6,349,54,295,18.3
"충청남도","15세미만",287660,147958,139702,105.9,284661,146418,138243,105.9,281398,144716,136682,105.9,277562,142731,134831,105.9,274828,141401,133427,106,270973,139413,131560,106
"충청남도","15~64세",1530600,818257,712343,114.9,1440163,762329,677834,112.5,1530717,819536,711181,115.2,1433383,759683,673700,112.8,1506660,806429,700231,115.2,1414505,751029,663476,113.2
"충청남도","65세이상",363156,153781,209375,73.4,360754,152738,208016,73.4,376534,160426,216108,74.2,373686,159171,214515,74.2,395148,169745,225403,75.3,391992,168427,223565,75.3
"충청남도","평균연령",42.3,40.9,43.8,-,42.6,41.2,44,-,42.8,41.4,44.3,-,43.1,41.8,44.6,-,43.5,42.1,45,-,43.8,42.4,45.3,-
"충청남도","중위연령",42.7,41.2,44.5,-,43.4,41.9,44.9,-,43.4,41.8,45.1,-,44.1,42.6,45.7,-,44.3,42.7,46.1,-,45,43.5,46.6,-
"전라북도","합계",1818157,907683,910474,99.7,1779026,886532,892494,99.3,1807423,902704,904719,99.8,1763463,878627,884836,99.3,1802766,899058,903708,99.5,1760400,876451,883949,99.2
"전라북도","0~4세",63571,32573,30998,105.1,63211,32378,30833,105,58372,29799,28573,104.3,57948,29558,28390,104.1,52412,26759,25653,104.3,52011,26545,25466,104.2
"전라북도","5~9세",78863,40614,38249,106.2,78701,40523,38178,106.1,77840,40091,37749,106.2,77587,39949,37638,106.1,76371,39287,37084,105.9,76132,39150,36982,105.9
"전라북도","10~14세",81024,42056,38968,107.9,80918,42004,38914,107.9,79205,41082,38123,107.8,79071,41016,38055,107.8,80415,41570,38845,107,80274,41500,38774,107
"전라북도","15~19세",108439,57444,50995,112.6,106984,56674,50310,112.6,101942,53956,47986,112.4,100447,53146,47301,112.4,93811,49481,44330,111.6,92961,49060,43901,111.8
"전라북도","20~24세",128024,71071,56953,124.8,120249,66772,53477,124.9,124548,69242,55306,125.2,115976,64325,51651,124.5,123972,68339,55633,122.8,115947,63789,52158,122.3
"전라북도","25~29세",100946,54850,46096,119,93335,50492,42843,117.9,103749,56701,47048,120.5,95285,51837,43448,119.3,105427,57718,47709,121,97122,53007,44115,120.2
"전라북도","30~34세",92655,48275,44380,108.8,86260,44536,41724,106.7,89313,46712,42601,109.7,82318,42643,39675,107.5,88247,46489,41758,111.3,81111,42377,38734,109.4
"전라북도","35~39세",118600,61118,57482,106.3,114323,58725,55598,105.6,114218,58694,55524,105.7,109269,55986,53283,105.1,107281,55044,52237,105.4,102185,52268,49917,104.7
"전라북도","40~44세",125991,64585,61406,105.2,123220,63137,60083,105.1,120833,61886,58947,105,117525,60152,57373,104.8,120614,61651,58963,104.6,117182,59881,57301,104.5
"전라북도","45~49세",148594,76927,71667,107.3,146033,75651,70382,107.5,147802,76470,71332,107.2,144933,75035,69898,107.3,143786,74113,69673,106.4,141239,72939,68300,106.8
"전라북도","50~54세",142504,73368,69136,106.1,140365,72421,67944,106.6,146460,75420,71040,106.2,143988,74225,69763,106.4,148011,76304,71707,106.4,145776,75336,70440,107
"전라북도","55~59세",152161,76491,75670,101.1,150558,75790,74768,101.4,149653,75865,73788,102.8,147775,74960,72815,102.9,145176,74026,71150,104,143414,73281,70133,104.5
"전라북도","60~64세",128339,63900,64439,99.2,127277,63395,63882,99.2,133798,66591,67207,99.1,132659,66054,66605,99.2,141250,70209,71041,98.8,140085,69686,70399,99
"전라북도","65~69세",97155,46717,50438,92.6,96706,46511,50195,92.7,100965,48900,52065,93.9,100445,48648,51797,93.9,106800,51870,54930,94.4,106269,51626,54643,94.5
"전라북도","70~74세",81196,37408,43788,85.4,80965,37298,43667,85.4,84975,39365,45610,86.3,84706,39247,45459,86.3,91573,42731,48842,87.5,91291,42617,48674,87.6
"전라북도","75~79세",77832,31280,46552,67.2,77741,31256,46485,67.2,75849,30719,45130,68.1,75742,30681,45061,68.1,74973,30672,44301,69.2,74864,30626,44238,69.2
"전라북도","80~84세",54685,19171,35514,54,54628,19149,35479,54,56799,20255,36544,55.4,56730,20229,36501,55.4,57322,20539,36783,55.8,57245,20521,36724,55.9
"전라북도","85세이상",37578,9835,27743,35.5,37552,9820,27732,35.4,41102,10956,30146,36.3,41059,10936,30123,36.3,45325,12256,33069,37.1,45292,12242,33050,37
"전라북도","85~89세",26724,7481,19243,38.9,26702,7468,19234,38.8,29195,8315,20880,39.8,29168,8298,20870,39.8,32039,9408,22631,41.6,32016,9396,22620,41.5
"전라북도","90~94세",8587,1971,6616,29.8,8583,1969,6614,29.8,9625,2232,7393,30.2,9612,2229,7383,30.2,10844,2423,8421,28.8,10836,2422,8414,28.8
"전라북도","95~99세",2021,347,1674,20.7,2021,347,1674,20.7,2007,366,1641,22.3,2005,366,1639,22.3,2118,383,1735,22.1,2117,382,1735,22
"전라북도","100세이상",246,36,210,17.1,246,36,210,17.1,275,43,232,18.5,274,43,231,18.6,324,42,282,14.9,323,42,281,14.9
"전라북도","15세미만",223458,115243,108215,106.5,222830,114905,107925,106.5,215417,110972,104445,106.2,214606,110523,104083,106.2,209198,107616,101582,105.9,208417,107195,101222,105.9
"전라북도","15~64세",1246253,648029,598224,108.3,1208604,627593,581011,108,1232316,641537,590779,108.6,1190175,618363,571812,108.1,1217575,633374,584201,108.4,1177022,611624,565398,108.2
"전라북도","65세이상",348446,144411,204035,70.8,347592,144034,203558,70.8,359690,150195,209495,71.7,358682,149741,208941,71.7,375993,158068,217925,72.5,374961,157632,217329,72.5
"전라북도","평균연령",43.9,42.2,45.6,-,44.1,42.4,45.8,-,44.5,42.8,46.2,-,44.7,43,46.4,-,45.1,43.4,46.8,-,45.3,43.6,47,-
"전라북도","중위연령",45.4,43.7,47.1,-,45.8,44.2,47.5,-,46.2,44.5,47.9,-,46.6,45,48.3,-,46.9,45.2,48.6,-,47.4,45.8,49.1,-
"전라남도","합계",1790352,900154,890198,101.1,1747832,874149,873683,100.1,1787543,901813,885730,101.8,1739765,872070,867695,100.5,1788807,903281,885526,102,1743571,875732,867839,100.9
"전라남도","0~4세",65729,33631,32098,104.8,65542,33539,32003,104.8,61430,31393,30037,104.5,61206,31274,29932,104.5,56489,28953,27536,105.1,56268,28846,27422,105.2
"전라남도","5~9세",77366,39559,37807,104.6,77246,39505,37741,104.7,76356,38929,37427,104,76181,38845,37336,104,75394,38270,37124,103.1,75225,38187,37038,103.1
"전라남도","10~14세",76336,39451,36885,107,76224,39391,36833,106.9,74812,38532,36280,106.2,74669,38459,36210,106.2,76877,39661,37216,106.6,76753,39611,37142,106.6
"전라남도","15~19세",95929,51413,44516,115.5,95089,50960,44129,115.5,89719,48107,41612,115.6,88939,47680,41259,115.6,82241,44067,38174,115.4,81864,43879,37985,115.5
"전라남도","20~24세",100089,58859,41230,142.8,94154,55034,39120,140.7,98558,58143,40415,143.9,92121,53950,38171,141.3,97640,57331,40309,142.2,92307,53942,38365,140.6
"전라남도","25~29세",89241,49052,40189,122.1,79527,42528,36999,114.9,93860,52690,41170,128,83292,45384,37908,119.7,96754,55301,41453,133.4,86664,48333,38331,126.1
"전라남도","30~34세",87812,46449,41363,112.3,80139,41508,38631,107.4,85624,45848,39776,115.3,76911,40159,36752,109.3,84693,45672,39021,117,75955,39947,36008,110.9
"전라남도","35~39세",116372,61577,54795,112.4,110994,58082,52912,109.8,112547,59756,52791,113.2,106345,55787,50558,110.3,106686,56818,49868,113.9,100239,52744,47495,111.1
"전라남도","40~44세",117596,62349,55247,112.9,113944,60098,53846,111.6,115357,61069,54288,112.5,111174,58494,52680,111,116437,61549,54888,112.1,112313,59108,53205,111.1
"전라남도","45~49세",142245,75738,66507,113.9,139239,74132,65107,113.9,140542,75064,65478,114.6,137121,73159,63962,114.4,136028,72514,63514,114.2,132935,70861,62074,114.2
"전라남도","50~54세",145188,77326,67862,113.9,142792,76234,66558,114.5,147736,78917,68819,114.7,144898,77492,67406,115,148786,79427,69359,114.5,146269,78291,67978,115.2
"전라남도","55~59세",155654,79688,75966,104.9,153942,78902,75040,105.1,153304,79092,74212,106.6,151261,78106,73155,106.8,150095,78187,71908,108.7,148181,77383,70798,109.3
"전라남도","60~64세",129201,65233,63968,102,128169,64749,63420,102.1,137983,69758,68225,102.2,136825,69191,67634,102.3,146835,74218,72617,102.2,145680,73683,71997,102.3
"전라남도","65~69세",103484,50480,53004,95.2,103036,50256,52780,95.2,104778,51130,53648,95.3,104279,50880,53399,95.3,110813,54259,56554,95.9,110278,54023,56255,96
"전라남도","70~74세",90013,40914,49099,83.3,89854,40851,49003,83.4,93776,43483,50293,86.5,93579,43385,50194,86.4,97589,45777,51812,88.4,97371,45672,51699,88.3
"전라남도","75~79세",93396,37152,56244,66.1,93301,37119,56182,66.1,89749,36064,53685,67.2,89650,36025,53625,67.2,87277,35302,51975,67.9,87181,35275,51906,68
"전라남도","80~84세",62349,21002,41347,50.8,62311,20985,41326,50.8,65352,22437,42915,52.3,65287,22410,42877,52.3,68307,23545,44762,52.6,68245,23524,44721,52.6
"전라남도","85세이상",42352,10281,32071,32.1,42329,10276,32053,32.1,46060,11401,34659,32.9,46027,11390,34637,32.9,49866,12430,37436,33.2,49843,12423,37420,33.2
"전라남도","85~89세",30869,7962,22907,34.8,30850,7958,22892,34.8,33277,8733,24544,35.6,33257,8726,24531,35.6,34983,9467,25516,37.1,34968,9462,25506,37.1
"전라남도","90~94세",8805,1923,6882,27.9,8801,1922,6879,27.9,10091,2244,7847,28.6,10080,2241,7839,28.6,11952,2500,9452,26.4,11945,2498,9447,26.4
"전라남도","95~99세",2422,368,2054,17.9,2422,368,2054,17.9,2424,390,2034,19.2,2423,389,2034,19.1,2577,425,2152,19.7,2576,425,2151,19.8
"전라남도","100세이상",256,28,228,12.3,256,28,228,12.3,268,34,234,14.5,267,34,233,14.6,354,38,316,12,354,38,316,12
"전라남도","15세미만",219431,112641,106790,105.5,219012,112435,106577,105.5,212598,108854,103744,104.9,212056,108578,103478,104.9,208760,106884,101876,104.9,208246,106644,101602,105
"전라남도","15~64세",1179327,627684,551643,113.8,1137989,602227,535762,112.4,1175230,628444,546786,114.9,1128887,599402,529485,113.2,1166195,625084,541111,115.5,1122407,598171,524236,114.1
"전라남도","65세이상",391594,159829,231765,69,390831,159487,231344,68.9,399715,164515,235200,69.9,398822,164090,234732,69.9,413852,171313,242539,70.6,412918,170917,242001,70.6
"전라남도","평균연령",45.4,43.5,47.4,-,45.7,43.7,47.6,-,45.9,44,48,-,46.2,44.3,48.2,-,46.5,44.5,48.5,-,46.7,44.8,48.7,-
"전라남도","중위연령",47.5,45.5,49.6,-,48,46.2,50,-,48.1,46.2,50.3,-,48.7,46.9,50.7,-,48.8,46.8,51,-,49.4,47.5,51.4,-
"경상북도","합계",2672902,1352869,1320033,102.5,2598831,1306914,1291917,101.2,2668154,1352404,1315750,102.8,2586314,1301956,1284358,101.4,2644757,1338823,1305934,102.5,2570210,1294138,1276072,101.4
"경상북도","0~4세",97377,50210,47167,106.5,96629,49841,46788,106.5,90733,46610,44123,105.6,89627,46045,43582,105.7,81604,41877,39727,105.4,80615,41382,39233,105.5
"경상북도","5~9세",109324,56731,52593,107.9,108857,56476,52381,107.8,109118,56503,52615,107.4,108440,56155,52285,107.4,108372,56119,52253,107.4,107761,55809,51952,107.4
"경상북도","10~14세",106938,55985,50953,109.9,106623,55825,50798,109.9,105725,55240,50485,109.4,105282,55022,50260,109.5,106715,55646,51069,109,106294,55430,50864,109
"경상북도","15~19세",141480,76179,65301,116.7,138941,75002,63939,117.3,133650,71926,61724,116.5,131245,70774,60471,117,120322,64905,55417,117.1,119205,64371,54834,117.4
"경상북도","20~24세",169986,96945,73041,132.7,157817,89677,68140,131.6,164796,94430,70366,134.2,151471,86515,64956,133.2,158436,90539,67897,133.3,147069,84050,63019,133.4
"경상북도","25~29세",149950,86382,63568,135.9,134703,76221,58482,130.3,151259,87349,63910,136.7,135033,76591,58442,131.1,149097,86470,62627,138.1,134586,77065,57521,134
"경상북도","30~34세",147935,81434,66501,122.5,134411,72448,61963,116.9,143954,80198,63756,125.8,129210,70562,58648,120.3,139326,77569,61757,125.6,125324,68672,56652,121.2
"경상북도","35~39세",185527,98199,87328,112.4,175787,91608,84179,108.8,180096,95456,84640,112.8,169249,88277,80972,109,168255,89176,79079,112.8,157660,82355,75305,109.4
"경상북도","40~44세",181216,94755,86461,109.6,175113,90863,84250,107.8,176851,92763,84088,110.3,169845,88331,81514,108.4,176603,92576,84027,110.2,169711,88300,81411,108.5
"경상북도","45~49세",213609,111118,102491,108.4,208895,108321,100574,107.7,210989,109796,101193,108.5,205685,106617,99068,107.6,204225,106083,98142,108.1,199406,103286,96120,107.5
"경상북도","50~54세",215833,110928,104905,105.7,212375,109119,103256,105.7,220540,113525,107015,106.1,216588,111396,105192,105.9,221464,114100,107364,106.3,217805,112242,105563,106.3
"경상북도","55~59세",238106,120370,117736,102.2,235724,119168,116556,102.2,234911,119566,115345,103.7,232089,118092,113997,103.6,228605,116897,111708,104.6,226035,115626,110409,104.7
"경상북도","60~64세",201152,100428,100724,99.7,199670,99666,100004,99.7,211954,105889,106065,99.8,210368,105070,105298,99.8,224079,112126,111953,100.2,222509,111396,111113,100.3
"경상북도","65~69세",153733,74438,79295,93.9,153057,74114,78943,93.9,159098,77055,82043,93.9,158319,76669,81650,93.9,171491,82920,88571,93.6,170719,82573,88146,93.7
"경상북도","70~74세",112399,51720,60679,85.2,112122,51598,60524,85.3,119058,56269,62789,89.6,118733,56123,62610,89.6,127172,60542,66630,90.9,126796,60387,66409,90.9
"경상북도","75~79세",116467,46470,69997,66.4,116341,46424,69917,66.4,113723,45750,67973,67.3,113573,45688,67885,67.3,109622,44544,65078,68.4,109477,44492,64985,68.5
"경상북도","80~84세",79482,27324,52158,52.4,79406,27298,52108,52.4,84217,29251,54966,53.2,84131,29221,54910,53.2,86044,30185,55859,54,85955,30160,55795,54.1
"경상북도","85세이상",52388,13253,39135,33.9,52360,13245,39115,33.9,57482,14828,42654,34.8,57426,14808,42618,34.7,63325,16549,46776,35.4,63283,16542,46741,35.4
"경상북도","85~89세",37215,10182,27033,37.7,37196,10174,27022,37.7,40928,11501,29427,39.1,40901,11490,29411,39.1,45238,12950,32288,40.1,45210,12945,32265,40.1
"경상북도","90~94세",12151,2591,9560,27.1,12143,2591,9552,27.1,13401,2814,10587,26.6,13379,2808,10571,26.6,14643,3046,11597,26.3,14631,3044,11587,26.3
"경상북도","95~99세",2712,439,2273,19.3,2711,439,2272,19.3,2812,472,2340,20.2,2805,469,2336,20.1,3051,510,2541,20.1,3049,510,2539,20.1
"경상북도","100세이상",310,41,269,15.2,310,41,269,15.2,341,41,300,13.7,341,41,300,13.7,393,43,350,12.3,393,43,350,12.3
"경상북도","15세미만",313639,162926,150713,108.1,312109,162142,149967,108.1,305576,158353,147223,107.6,303349,157222,146127,107.6,296691,153642,143049,107.4,294670,152621,142049,107.4
"경상북도","15~64세",1844794,976738,868056,112.5,1773436,932093,841343,110.8,1829000,970898,858102,113.1,1750783,922225,828558,111.3,1790412,950441,839971,113.2,1719310,907363,811947,111.8
"경상북도","65세이상",514469,213205,301264,70.8,513286,212679,300607,70.7,533578,223153,310425,71.9,532182,222509,309673,71.9,557654,234740,322914,72.7,556230,234154,322076,72.7
"경상북도","평균연령",44.4,42.6,46.4,-,44.7,42.9,46.6,-,45,43.2,46.9,-,45.4,43.5,47.2,-,45.7,43.9,47.7,-,46,44.2,47.9,-
"경상북도","중위연령",46.1,44,48.3,-,46.8,44.8,48.8,-,46.9,44.8,49.1,-,47.6,45.6,49.6,-,47.9,45.8,50,-,48.5,46.5,50.5,-
"경상남도","합계",3350350,1703904,1646446,103.5,3252856,1637986,1614870,101.4,3347209,1703892,1643317,103.7,3241301,1632680,1608621,101.5,3333056,1692212,1640844,103.1,3236387,1629100,1607287,101.4
"경상남도","0~4세",136158,69913,66245,105.5,135000,69339,65661,105.6,125576,64363,61213,105.1,124060,63584,60476,105.1,112320,57677,54643,105.6,110979,56993,53986,105.6
"경상남도","5~9세",160413,82823,77590,106.7,159682,82457,77225,106.8,160353,82720,77633,106.6,159267,82176,77091,106.6,158251,81482,76769,106.1,157227,80961,76266,106.2
"경상남도","10~14세",155817,81009,74808,108.3,155327,80758,74569,108.3,154990,80325,74665,107.6,154340,79997,74343,107.6,157784,81681,76103,107.3,157121,81353,75768,107.4
"경상남도","15~19세",177600,95305,82295,115.8,176316,94602,81714,115.8,167002,89778,77224,116.3,165435,88961,76474,116.3,155935,83440,72495,115.1,154959,82920,72039,115.1
"경상남도","20~24세",198855,114850,84005,136.7,188367,108191,80176,134.9,192416,111647,80769,138.2,180758,104078,76680,135.7,188811,108384,80427,134.8,179537,102593,76944,133.3
"경상남도","25~29세",194467,109699,84768,129.4,174382,95198,79184,120.2,196129,111070,85059,130.6,175434,96271,79163,121.6,194483,110005,84478,130.2,176865,97906,78959,124
"경상남도","30~34세",201095,110616,90479,122.3,180466,95268,85198,111.8,194809,107879,86930,124.1,173220,91951,81269,113.1,187590,103442,84148,122.9,167446,89070,78376,113.6
"경상남도","35~39세",265736,140598,125138,112.4,251613,130126,121487,107.1,257405,136227,121178,112.4,241872,124947,116925,106.9,239226,126641,112585,112.5,223838,115645,108193,106.9
"경상남도","40~44세",254207,132335,121872,108.6,245233,126115,119118,105.9,250743,130884,119859,109.2,240852,124106,116746,106.3,253786,132265,121521,108.8,244335,125853,118482,106.2
"경상남도","45~49세",295793,152356,143437,106.2,288911,148116,140795,105.2,291703,150515,141188,106.6,284105,145713,138392,105.3,282901,145662,137239,106.1,275952,141382,134570,105.1
"경상남도","50~54세",277459,141065,136394,103.4,272262,138230,134032,103.1,289172,147229,141943,103.7,283369,143902,139467,103.2,293790,149729,144061,103.9,288390,146742,141648,103.6
"경상남도","55~59세",290088,146891,143197,102.6,286442,144983,141459,102.5,286323,145052,141271,102.7,282191,142861,139330,102.5,280683,142317,138366,102.9,276624,140255,136369,102.8
"경상남도","60~64세",233714,116896,116818,100.1,231590,115812,115778,100,248003,124073,123930,100.1,245727,122877,122850,100,262593,131550,131043,100.4,260218,130350,129868,100.4
"경상남도","65~69세",160457,77932,82525,94.4,159444,77432,82012,94.4,169077,82596,86481,95.5,167991,82075,85916,95.5,186541,90816,95725,94.9,185423,90311,95112,95
"경상남도","70~74세",119054,54421,64633,84.2,118700,54275,64425,84.2,125887,58619,67268,87.1,125455,58418,67037,87.1,134159,63035,71124,88.6,133673,62823,70850,88.7
"경상남도","75~79세",108845,42401,66444,63.8,108675,42340,66335,63.8,108310,43045,65265,66,108114,42969,65145,66,106834,43212,63622,67.9,106619,43141,63478,68
"경상남도","80~84세",72467,23698,48769,48.6,72364,23660,48704,48.6,76533,25451,51082,49.8,76411,25402,51009,49.8,79630,26954,52676,51.2,79504,26904,52600,51.1
"경상남도","85세이상",48125,11096,37029,30,48082,11084,36998,30,52778,12419,40359,30.8,52700,12392,40308,30.7,57739,13920,43819,31.8,57677,13898,43779,31.7
"경상남도","85~89세",35144,8623,26521,32.5,35117,8617,26500,32.5,38103,9579,28524,33.6,38059,9569,28490,33.6,41492,10873,30619,35.5,41452,10860,30592,35.5
"경상남도","90~94세",10669,2101,8568,24.5,10655,2097,8558,24.5,12181,2431,9750,24.9,12156,2420,9736,24.9,13406,2619,10787,24.3,13390,2613,10777,24.2
"경상남도","95~99세",2094,342,1752,19.5,2092,340,1752,19.4,2272,377,1895,19.9,2264,372,1892,19.7,2551,383,2168,17.7,2546,381,2165,17.6
"경상남도","100세이상",218,30,188,16,218,30,188,16,222,32,190,16.8,221,31,190,16.3,290,45,245,18.4,289,44,245,18
"경상남도","15세미만",452388,233745,218643,106.9,450009,232554,217455,106.9,440919,227408,213511,106.5,437667,225757,211910,106.5,428355,220840,207515,106.4,425327,219307,206020,106.4
"경상남도","15~64세",2389014,1260611,1128403,111.7,2295582,1196641,1098941,108.9,2373705,1254354,1119351,112.1,2272963,1185667,1087296,109,2339798,1233435,1106363,111.5,2248164,1172716,1075448,109
"경상남도","65세이상",508948,209548,299400,70,507265,208791,298474,70,532585,222130,310455,71.5,530671,221256,309415,71.5,564903,237937,326966,72.8,562896,237077,325819,72.8
"경상남도","평균연령",42.3,40.7,44,-,42.5,40.9,44.1,-,42.9,41.3,44.6,-,43.2,41.6,44.8,-,43.6,42,45.2,-,43.8,42.3,45.4,-
"경상남도","중위연령",43.7,41.8,45.6,-,44.3,42.6,45.8,-,44.5,42.6,46.4,-,45.1,43.4,46.7,-,45.4,43.5,47.2,-,45.9,44.2,47.5,-
"제주특별자치도","합계",658282,333019,325263,102.4,632995,318135,314860,101,665048,336598,328450,102.5,637031,320102,316929,101,670858,338173,332685,101.6,644027,323004,321023,100.6
"제주특별자치도","0~4세",29154,15054,14100,106.8,28713,14823,13890,106.7,27919,14361,13558,105.9,27192,14014,13178,106.3,25968,13329,12639,105.5,25247,12991,12256,106
"제주특별자치도","5~9세",34673,17851,16822,106.1,34378,17707,16671,106.2,34975,18031,16944,106.4,34535,17793,16742,106.3,35270,18115,17155,105.6,34747,17834,16913,105.4
"제주특별자치도","10~14세",34064,17779,16285,109.2,33827,17657,16170,109.2,33921,17634,16287,108.3,33607,17485,16122,108.5,34738,17985,16753,107.4,34386,17803,16583,107.4
"제주특별자치도","15~19세",36701,19298,17403,110.9,36027,18959,17068,111.1,35120,18533,16587,111.7,34442,18165,16277,111.6,33279,17612,15667,112.4,32883,17411,15472,112.5
"제주특별자치도","20~24세",40705,22515,18190,123.8,36904,20012,16892,118.5,39681,21948,17733,123.8,35730,19414,16316,119,39918,21750,18168,119.7,36772,19810,16962,116.8
"제주특별자치도","25~29세",40788,21853,18935,115.4,35763,18549,17214,107.8,42615,23141,19474,118.8,37483,19645,17838,110.1,43494,23432,20062,116.8,38934,20414,18520,110.2
"제주특별자치도","30~34세",39187,20486,18701,109.5,34726,17809,16917,105.3,38640,20202,18438,109.6,33707,17229,16478,104.6,38651,20055,18596,107.8,33811,17242,16569,104.1
"제주특별자치도","35~39세",52990,27038,25952,104.2,49481,25024,24457,102.3,52071,26633,25438,104.7,48208,24407,23801,102.5,49911,25400,24511,103.6,45994,23155,22839,101.4
"제주특별자치도","40~44세",51822,26995,24827,108.7,49601,25817,23784,108.5,51564,26618,24946,106.7,48919,25241,23678,106.6,52624,26917,25707,104.7,49813,25490,24323,104.8
"제주특별자치도","45~49세",59931,31155,28776,108.3,58362,30269,28093,107.7,60650,31477,29173,107.9,58827,30456,28371,107.3,59453,30777,28676,107.3,57595,29819,27776,107.4
"제주특별자치도","50~54세",53139,27792,25347,109.6,52096,27253,24843,109.7,55216,28916,26300,109.9,53977,28229,25748,109.6,57221,29764,27457,108.4,55950,29131,26819,108.6
"제주특별자치도","55~59세",50973,25959,25014,103.8,50182,25561,24621,103.8,51721,26431,25290,104.5,50806,25984,24822,104.7,51676,26510,25166,105.3,50719,26067,24652,105.7
"제주특별자치도","60~64세",40709,20441,20268,100.9,40067,20157,19910,101.2,43485,21772,21713,100.3,42832,21481,21351,100.6,45675,22926,22749,100.8,44965,22607,22358,101.1
"제주특별자치도","65~69세",26678,12801,13877,92.2,26370,12668,13702,92.5,28149,13592,14557,93.4,27779,13415,14364,93.4,31279,15177,16102,94.3,30856,14975,15881,94.3
"제주특별자치도","70~74세",23414,10997,12417,88.6,23267,10920,12347,88.4,24055,11316,12739,88.8,23874,11227,12647,88.8,24756,11584,13172,87.9,24555,11485,13070,87.9
"제주특별자치도","75~79세",19337,8111,11226,72.3,19281,8086,11195,72.2,19572,8347,11225,74.4,19496,8310,11186,74.3,19766,8589,11177,76.8,19682,8547,11135,76.8
"제주특별자치도","80~84세",13658,4818,8840,54.5,13620,4798,8822,54.4,14187,5118,9069,56.4,14143,5096,9047,56.3,14699,5375,9324,57.6,14662,5360,9302,57.6
"제주특별자치도","85세이상",10359,2076,8283,25.1,10330,2066,8264,25,11507,2528,8979,28.2,11474,2511,8963,28,12480,2876,9604,29.9,12456,2863,9593,29.8
"제주특별자치도","85~89세",7173,1691,5482,30.8,7153,1684,5469,30.8,8012,2057,5955,34.5,7989,2045,5944,34.4,8548,2327,6221,37.4,8530,2316,6214,37.3
"제주특별자치도","90~94세",2030,288,1742,16.5,2023,286,1737,16.5,2416,375,2041,18.4,2409,371,2038,18.2,2871,462,2409,19.2,2869,461,2408,19.1
"제주특별자치도","95~99세",1052,92,960,9.6,1051,92,959,9.6,958,88,870,10.1,957,88,869,10.1,907,77,830,9.3,904,77,827,9.3
"제주특별자치도","100세이상",104,5,99,5.1,103,X,99,4,121,8,113,7.1,119,7,112,6.3,154,10,144,6.9,153,9,144,6.3
"제주특별자치도","15세미만",97891,50684,47207,107.4,96918,50187,46731,107.4,96815,50026,46789,106.9,95334,49292,46042,107.1,95976,49429,46547,106.2,94380,48628,45752,106.3
"제주특별자치도","15~64세",466945,243532,223413,109,443209,229410,213799,107.3,470763,245671,225092,109.1,444931,230251,214680,107.3,471902,245143,226759,108.1,447436,231146,216290,106.9
"제주특별자치도","65세이상",93446,38803,54643,71,92868,38538,54330,70.9,97470,40901,56569,72.3,96766,40559,56207,72.2,102980,43601,59379,73.4,102211,43230,58981,73.3
"제주특별자치도","평균연령",41.1,39.8,42.5,-,41.4,40.1,42.7,-,41.6,40.3,43,-,41.9,40.6,43.2,-,42.1,40.8,43.4,-,42.3,41.1,43.6,-
"제주특별자치도","중위연령",42.1,41,43.4,-,42.8,41.8,43.9,-,42.7,41.5,44,-,43.5,42.4,44.6,-,43.2,42,44.4,-,43.9,42.9,45,-
